_Polyline
-2.500000,-2.500000,11.281297
-2.500000,-2.415254,11.279939
-2.500000,-2.330508,11.278580
-2.500000,-2.245763,11.277222
-2.500000,-2.161017,11.275863
-2.500000,-2.076271,11.274504
-2.500000,-1.991525,11.273146
-2.500000,-1.906780,11.271787
-2.500000,-1.822034,11.270428
-2.500000,-1.737288,11.269070
-2.500000,-1.652542,11.267711
-2.500000,-1.567797,11.266353
-2.500000,-1.483051,11.264994
-2.500000,-1.398305,11.263635
-2.500000,-1.313559,11.262277
-2.500000,-1.228814,11.260918
-2.500000,-1.144068,11.259559
-2.500000,-1.059322,11.258201
-2.500000,-0.974576,11.256842
-2.500000,-0.889831,11.255483
-2.500000,-0.805085,11.254125
-2.500000,-0.720339,11.252766
-2.500000,-0.635593,11.251408
-2.500000,-0.550847,11.250049
-2.500000,-0.466102,11.248690
-2.500000,-0.381356,11.247332
-2.500000,-0.296610,11.245973
-2.500000,-0.211864,11.244614
-2.500000,-0.127119,11.243256
-2.500000,-0.042373,11.241897
-2.500000,0.042373,11.240539
-2.500000,0.127119,11.239180
-2.500000,0.211864,11.237821
-2.500000,0.296610,11.236463
-2.500000,0.381356,11.235104
-2.500000,0.466102,11.233745
-2.500000,0.550847,11.232387
-2.500000,0.635593,11.231028
-2.500000,0.720339,11.229670
-2.500000,0.805085,11.228311
-2.500000,0.889831,11.226952
-2.500000,0.974576,11.225594
-2.500000,1.059322,11.224235
-2.500000,1.144068,11.222876
-2.500000,1.228814,11.221518
-2.500000,1.313559,11.220159
-2.500000,1.398305,11.218800
-2.500000,1.483051,11.217442
-2.500000,1.567797,11.216083
-2.500000,1.652542,11.214725
-2.500000,1.737288,11.213366
-2.500000,1.822034,11.212007
-2.500000,1.906780,11.210649
-2.500000,1.991525,11.209290
-2.500000,2.076271,11.207931
-2.500000,2.161017,11.206573
-2.500000,2.245763,11.205214
-2.500000,2.330508,11.203856
-2.500000,2.415254,11.202497
-2.500000,2.500000,11.201138
_Enter
_Polyline
-2.415254,-2.500000,11.269253
-2.415254,-2.415254,11.205214
-2.415254,-2.330508,11.203856
-2.415254,-2.245763,11.202497
-2.415254,-2.161017,11.201138
-2.415254,-2.076271,11.199780
-2.415254,-1.991525,11.198421
-2.415254,-1.906780,11.197062
-2.415254,-1.822034,11.195704
-2.415254,-1.737288,11.194345
-2.415254,-1.652542,11.192987
-2.415254,-1.567797,11.191628
-2.415254,-1.483051,11.190269
-2.415254,-1.398305,11.188911
-2.415254,-1.313559,11.187552
-2.415254,-1.228814,11.186193
-2.415254,-1.144068,11.184835
-2.415254,-1.059322,11.183476
-2.415254,-0.974576,11.182117
-2.415254,-0.889831,11.180759
-2.415254,-0.805085,11.179400
-2.415254,-0.720339,11.178042
-2.415254,-0.635593,11.176683
-2.415254,-0.550847,11.175324
-2.415254,-0.466102,11.173966
-2.415254,-0.381356,11.172607
-2.415254,-0.296610,11.171248
-2.415254,-0.211864,11.169890
-2.415254,-0.127119,11.168531
-2.415254,-0.042373,11.167173
-2.415254,0.042373,11.165814
-2.415254,0.127119,11.164455
-2.415254,0.211864,11.163097
-2.415254,0.296610,11.161738
-2.415254,0.381356,11.160379
-2.415254,0.466102,11.159021
-2.415254,0.550847,11.157662
-2.415254,0.635593,11.156304
-2.415254,0.720339,11.154945
-2.415254,0.805085,11.153586
-2.415254,0.889831,11.152228
-2.415254,0.974576,11.150869
-2.415254,1.059322,11.149510
-2.415254,1.144068,11.148152
-2.415254,1.228814,11.146793
-2.415254,1.313559,11.145434
-2.415254,1.398305,11.144076
-2.415254,1.483051,11.142717
-2.415254,1.567797,11.141359
-2.415254,1.652542,11.140000
-2.415254,1.737288,11.138641
-2.415254,1.822034,11.137283
-2.415254,1.906780,11.135924
-2.415254,1.991525,11.134565
-2.415254,2.076271,11.133207
-2.415254,2.161017,11.131848
-2.415254,2.245763,11.130490
-2.415254,2.330508,11.129131
-2.415254,2.415254,11.127772
-2.415254,2.500000,11.182508
_Enter
_Polyline
-2.330508,-2.500000,11.267894
-2.330508,-2.415254,11.193170
-2.330508,-2.330508,11.129131
-2.330508,-2.245763,11.127772
-2.330508,-2.161017,11.126414
-2.330508,-2.076271,11.125055
-2.330508,-1.991525,11.123696
-2.330508,-1.906780,11.122338
-2.330508,-1.822034,11.120979
-2.330508,-1.737288,11.119621
-2.330508,-1.652542,11.118262
-2.330508,-1.567797,11.116903
-2.330508,-1.483051,11.115545
-2.330508,-1.398305,11.114186
-2.330508,-1.313559,11.112827
-2.330508,-1.228814,11.111469
-2.330508,-1.144068,11.110110
-2.330508,-1.059322,11.108751
-2.330508,-0.974576,11.107393
-2.330508,-0.889831,11.106034
-2.330508,-0.805085,11.104676
-2.330508,-0.720339,11.103317
-2.330508,-0.635593,11.101958
-2.330508,-0.550847,11.100600
-2.330508,-0.466102,11.099241
-2.330508,-0.381356,11.097882
-2.330508,-0.296610,11.096524
-2.330508,-0.211864,11.095165
-2.330508,-0.127119,11.093807
-2.330508,-0.042373,11.092448
-2.330508,0.042373,11.091089
-2.330508,0.127119,11.089731
-2.330508,0.211864,11.088372
-2.330508,0.296610,11.087013
-2.330508,0.381356,11.085655
-2.330508,0.466102,11.084296
-2.330508,0.550847,11.082938
-2.330508,0.635593,11.081579
-2.330508,0.720339,11.080220
-2.330508,0.805085,11.078862
-2.330508,0.889831,11.077503
-2.330508,0.974576,11.076144
-2.330508,1.059322,11.074786
-2.330508,1.144068,11.073427
-2.330508,1.228814,11.072068
-2.330508,1.313559,11.070710
-2.330508,1.398305,11.069351
-2.330508,1.483051,11.067993
-2.330508,1.567797,11.066634
-2.330508,1.652542,11.065275
-2.330508,1.737288,11.063917
-2.330508,1.822034,11.062558
-2.330508,1.906780,11.061199
-2.330508,1.991525,11.059841
-2.330508,2.076271,11.058482
-2.330508,2.161017,11.057124
-2.330508,2.245763,11.055765
-2.330508,2.330508,11.054406
-2.330508,2.415254,11.106863
-2.330508,2.500000,11.181107
_Enter
_Polyline
-2.245763,-2.500000,11.266536
-2.245763,-2.415254,11.191811
-2.245763,-2.330508,11.117086
-2.245763,-2.245763,11.056597
-2.245763,-2.161017,11.054960
-2.245763,-2.076271,11.053324
-2.245763,-1.991525,11.051687
-2.245763,-1.906780,11.050051
-2.245763,-1.822034,11.048414
-2.245763,-1.737288,11.046778
-2.245763,-1.652542,11.045141
-2.245763,-1.567797,11.043505
-2.245763,-1.483051,11.041868
-2.245763,-1.398305,11.040231
-2.245763,-1.313559,11.038595
-2.245763,-1.228814,11.036958
-2.245763,-1.144068,11.035385
-2.245763,-1.059322,11.034027
-2.245763,-0.974576,11.032668
-2.245763,-0.889831,11.031310
-2.245763,-0.805085,11.029951
-2.245763,-0.720339,11.028592
-2.245763,-0.635593,11.027234
-2.245763,-0.550847,11.025875
-2.245763,-0.466102,11.024516
-2.245763,-0.381356,11.023158
-2.245763,-0.296610,11.021799
-2.245763,-0.211864,11.020441
-2.245763,-0.127119,11.019082
-2.245763,-0.042373,11.017723
-2.245763,0.042373,11.016365
-2.245763,0.127119,11.015006
-2.245763,0.211864,11.013647
-2.245763,0.296610,11.012289
-2.245763,0.381356,11.010930
-2.245763,0.466102,11.009572
-2.245763,0.550847,11.008213
-2.245763,0.635593,11.006854
-2.245763,0.720339,11.005496
-2.245763,0.805085,11.004137
-2.245763,0.889831,11.002778
-2.245763,0.974576,11.001420
-2.245763,1.059322,11.000061
-2.245763,1.144068,10.998702
-2.245763,1.228814,10.997344
-2.245763,1.313559,10.995985
-2.245763,1.398305,10.994627
-2.245763,1.483051,10.993268
-2.245763,1.567797,10.991909
-2.245763,1.652542,10.990551
-2.245763,1.737288,10.989192
-2.245763,1.822034,10.987833
-2.245763,1.906780,10.986475
-2.245763,1.991525,10.985116
-2.245763,2.076271,10.983758
-2.245763,2.161017,10.982399
-2.245763,2.245763,10.981040
-2.245763,2.330508,11.031218
-2.245763,2.415254,11.105462
-2.245763,2.500000,11.179706
_Enter
_Polyline
-2.161017,-2.500000,11.265177
-2.161017,-2.415254,11.190452
-2.161017,-2.330508,11.115728
-2.161017,-2.245763,11.044449
-2.161017,-2.161017,10.984590
-2.161017,-2.076271,10.982953
-2.161017,-1.991525,10.981317
-2.161017,-1.906780,10.979680
-2.161017,-1.822034,10.978044
-2.161017,-1.737288,10.976407
-2.161017,-1.652542,10.974771
-2.161017,-1.567797,10.973134
-2.161017,-1.483051,10.971498
-2.161017,-1.398305,10.969861
-2.161017,-1.313559,10.968225
-2.161017,-1.228814,10.966588
-2.161017,-1.144068,10.964952
-2.161017,-1.059322,10.963315
-2.161017,-0.974576,10.961679
-2.161017,-0.889831,10.960042
-2.161017,-0.805085,10.958406
-2.161017,-0.720339,10.956769
-2.161017,-0.635593,10.955133
-2.161017,-0.550847,10.953496
-2.161017,-0.466102,10.951860
-2.161017,-0.381356,10.950223
-2.161017,-0.296610,10.948587
-2.161017,-0.211864,10.946950
-2.161017,-0.127119,10.945314
-2.161017,-0.042373,10.943677
-2.161017,0.042373,10.942041
-2.161017,0.127119,10.940404
-2.161017,0.211864,10.938923
-2.161017,0.296610,10.937564
-2.161017,0.381356,10.936206
-2.161017,0.466102,10.934847
-2.161017,0.550847,10.933488
-2.161017,0.635593,10.932130
-2.161017,0.720339,10.930771
-2.161017,0.805085,10.929412
-2.161017,0.889831,10.928054
-2.161017,0.974576,10.926695
-2.161017,1.059322,10.925336
-2.161017,1.144068,10.923978
-2.161017,1.228814,10.922619
-2.161017,1.313559,10.921261
-2.161017,1.398305,10.919902
-2.161017,1.483051,10.918543
-2.161017,1.567797,10.917185
-2.161017,1.652542,10.915826
-2.161017,1.737288,10.914467
-2.161017,1.822034,10.913109
-2.161017,1.906780,10.911750
-2.161017,1.991525,10.910392
-2.161017,2.076271,10.909033
-2.161017,2.161017,10.907674
-2.161017,2.245763,10.958849
-2.161017,2.330508,11.029817
-2.161017,2.415254,11.104061
-2.161017,2.500000,11.178305
_Enter
_Polyline
-2.076271,-2.500000,11.263818
-2.076271,-2.415254,11.189094
-2.076271,-2.330508,11.114369
-2.076271,-2.245763,11.042813
-2.076271,-2.161017,10.972443
-2.076271,-2.076271,10.912583
-2.076271,-1.991525,10.910947
-2.076271,-1.906780,10.909310
-2.076271,-1.822034,10.907674
-2.076271,-1.737288,10.906037
-2.076271,-1.652542,10.904401
-2.076271,-1.567797,10.902764
-2.076271,-1.483051,10.901128
-2.076271,-1.398305,10.899491
-2.076271,-1.313559,10.897855
-2.076271,-1.228814,10.896218
-2.076271,-1.144068,10.894582
-2.076271,-1.059322,10.892945
-2.076271,-0.974576,10.891309
-2.076271,-0.889831,10.889672
-2.076271,-0.805085,10.888036
-2.076271,-0.720339,10.886399
-2.076271,-0.635593,10.884763
-2.076271,-0.550847,10.883126
-2.076271,-0.466102,10.881489
-2.076271,-0.381356,10.879853
-2.076271,-0.296610,10.878216
-2.076271,-0.211864,10.876580
-2.076271,-0.127119,10.874943
-2.076271,-0.042373,10.873307
-2.076271,0.042373,10.871670
-2.076271,0.127119,10.870034
-2.076271,0.211864,10.868397
-2.076271,0.296610,10.866761
-2.076271,0.381356,10.865124
-2.076271,0.466102,10.863488
-2.076271,0.550847,10.861851
-2.076271,0.635593,10.860215
-2.076271,0.720339,10.858578
-2.076271,0.805085,10.856942
-2.076271,0.889831,10.855305
-2.076271,0.974576,10.853669
-2.076271,1.059322,10.852032
-2.076271,1.144068,10.850396
-2.076271,1.228814,10.848759
-2.076271,1.313559,10.847123
-2.076271,1.398305,10.845486
-2.076271,1.483051,10.843850
-2.076271,1.567797,10.842460
-2.076271,1.652542,10.841101
-2.076271,1.737288,10.839743
-2.076271,1.822034,10.838384
-2.076271,1.906780,10.837026
-2.076271,1.991525,10.835667
-2.076271,2.076271,10.834308
-2.076271,2.161017,10.887936
-2.076271,2.245763,10.957160
-2.076271,2.330508,11.028416
-2.076271,2.415254,11.102660
-2.076271,2.500000,11.176904
_Enter
_Polyline
-1.991525,-2.500000,11.262460
-1.991525,-2.415254,11.187735
-1.991525,-2.330508,11.113011
-1.991525,-2.245763,11.041176
-1.991525,-2.161017,10.970806
-1.991525,-2.076271,10.900436
-1.991525,-1.991525,10.840577
-1.991525,-1.906780,10.838940
-1.991525,-1.822034,10.837304
-1.991525,-1.737288,10.835667
-1.991525,-1.652542,10.834031
-1.991525,-1.567797,10.832394
-1.991525,-1.483051,10.830757
-1.991525,-1.398305,10.829121
-1.991525,-1.313559,10.827484
-1.991525,-1.228814,10.825848
-1.991525,-1.144068,10.824211
-1.991525,-1.059322,10.822575
-1.991525,-0.974576,10.820938
-1.991525,-0.889831,10.819302
-1.991525,-0.805085,10.817665
-1.991525,-0.720339,10.816029
-1.991525,-0.635593,10.814392
-1.991525,-0.550847,10.812756
-1.991525,-0.466102,10.811119
-1.991525,-0.381356,10.809483
-1.991525,-0.296610,10.807846
-1.991525,-0.211864,10.806210
-1.991525,-0.127119,10.804573
-1.991525,-0.042373,10.802937
-1.991525,0.042373,10.801300
-1.991525,0.127119,10.799664
-1.991525,0.211864,10.798027
-1.991525,0.296610,10.796391
-1.991525,0.381356,10.794754
-1.991525,0.466102,10.793118
-1.991525,0.550847,10.791481
-1.991525,0.635593,10.789845
-1.991525,0.720339,10.788208
-1.991525,0.805085,10.786572
-1.991525,0.889831,10.784935
-1.991525,0.974576,10.783299
-1.991525,1.059322,10.781662
-1.991525,1.144068,10.780026
-1.991525,1.228814,10.778389
-1.991525,1.313559,10.776752
-1.991525,1.398305,10.775116
-1.991525,1.483051,10.773479
-1.991525,1.567797,10.771843
-1.991525,1.652542,10.770206
-1.991525,1.737288,10.768570
-1.991525,1.822034,10.766933
-1.991525,1.906780,10.765297
-1.991525,1.991525,10.763660
-1.991525,2.076271,10.817023
-1.991525,2.161017,10.886247
-1.991525,2.245763,10.955472
-1.991525,2.330508,11.027015
-1.991525,2.415254,11.101259
-1.991525,2.500000,11.175503
_Enter
_Polyline
-1.906780,-2.500000,11.261101
-1.906780,-2.415254,11.186377
-1.906780,-2.330508,11.111652
-1.906780,-2.245763,11.039540
-1.906780,-2.161017,10.969170
-1.906780,-2.076271,10.898800
-1.906780,-1.991525,10.828429
-1.906780,-1.906780,10.769781
-1.906780,-1.822034,10.767815
-1.906780,-1.737288,10.765849
-1.906780,-1.652542,10.763884
-1.906780,-1.567797,10.762024
-1.906780,-1.483051,10.760387
-1.906780,-1.398305,10.758751
-1.906780,-1.313559,10.757114
-1.906780,-1.228814,10.755478
-1.906780,-1.144068,10.753841
-1.906780,-1.059322,10.752205
-1.906780,-0.974576,10.750568
-1.906780,-0.889831,10.748932
-1.906780,-0.805085,10.747295
-1.906780,-0.720339,10.745659
-1.906780,-0.635593,10.744022
-1.906780,-0.550847,10.742386
-1.906780,-0.466102,10.740749
-1.906780,-0.381356,10.739113
-1.906780,-0.296610,10.737476
-1.906780,-0.211864,10.735840
-1.906780,-0.127119,10.734203
-1.906780,-0.042373,10.732567
-1.906780,0.042373,10.730930
-1.906780,0.127119,10.729294
-1.906780,0.211864,10.727657
-1.906780,0.296610,10.726021
-1.906780,0.381356,10.724384
-1.906780,0.466102,10.722747
-1.906780,0.550847,10.721111
-1.906780,0.635593,10.719474
-1.906780,0.720339,10.717838
-1.906780,0.805085,10.716201
-1.906780,0.889831,10.714565
-1.906780,0.974576,10.712928
-1.906780,1.059322,10.711292
-1.906780,1.144068,10.709655
-1.906780,1.228814,10.708019
-1.906780,1.313559,10.706382
-1.906780,1.398305,10.704746
-1.906780,1.483051,10.703109
-1.906780,1.567797,10.701473
-1.906780,1.652542,10.699836
-1.906780,1.737288,10.698200
-1.906780,1.822034,10.696563
-1.906780,1.906780,10.694927
-1.906780,1.991525,10.746110
-1.906780,2.076271,10.815335
-1.906780,2.161017,10.884559
-1.906780,2.245763,10.953784
-1.906780,2.330508,11.025614
-1.906780,2.415254,11.099858
-1.906780,2.500000,11.174103
_Enter
_Polyline
-1.822034,-2.500000,11.259743
-1.822034,-2.415254,11.185018
-1.822034,-2.330508,11.110293
-1.822034,-2.245763,11.037903
-1.822034,-2.161017,10.967533
-1.822034,-2.076271,10.897163
-1.822034,-1.991525,10.826793
-1.822034,-1.906780,10.758075
-1.822034,-1.822034,10.706877
-1.822034,-1.737288,10.704912
-1.822034,-1.652542,10.702946
-1.822034,-1.567797,10.700980
-1.822034,-1.483051,10.699014
-1.822034,-1.398305,10.697049
-1.822034,-1.313559,10.695083
-1.822034,-1.228814,10.693117
-1.822034,-1.144068,10.691151
-1.822034,-1.059322,10.689186
-1.822034,-0.974576,10.687220
-1.822034,-0.889831,10.685254
-1.822034,-0.805085,10.683288
-1.822034,-0.720339,10.681323
-1.822034,-0.635593,10.679357
-1.822034,-0.550847,10.677391
-1.822034,-0.466102,10.675425
-1.822034,-0.381356,10.673460
-1.822034,-0.296610,10.671494
-1.822034,-0.211864,10.669528
-1.822034,-0.127119,10.667563
-1.822034,-0.042373,10.665597
-1.822034,0.042373,10.663631
-1.822034,0.127119,10.661665
-1.822034,0.211864,10.659700
-1.822034,0.296610,10.657734
-1.822034,0.381356,10.655768
-1.822034,0.466102,10.653802
-1.822034,0.550847,10.651837
-1.822034,0.635593,10.649871
-1.822034,0.720339,10.647905
-1.822034,0.805085,10.645939
-1.822034,0.889831,10.644195
-1.822034,0.974576,10.642558
-1.822034,1.059322,10.640922
-1.822034,1.144068,10.639285
-1.822034,1.228814,10.637649
-1.822034,1.313559,10.636012
-1.822034,1.398305,10.634376
-1.822034,1.483051,10.632739
-1.822034,1.567797,10.631103
-1.822034,1.652542,10.629466
-1.822034,1.737288,10.627830
-1.822034,1.822034,10.626193
-1.822034,1.906780,10.676198
-1.822034,1.991525,10.744422
-1.822034,2.076271,10.813646
-1.822034,2.161017,10.882871
-1.822034,2.245763,10.952095
-1.822034,2.330508,11.024213
-1.822034,2.415254,11.098458
-1.822034,2.500000,11.172702
_Enter
_Polyline
-1.737288,-2.500000,11.258384
-1.737288,-2.415254,11.183659
-1.737288,-2.330508,11.108935
-1.737288,-2.245763,11.036267
-1.737288,-2.161017,10.965897
-1.737288,-2.076271,10.895527
-1.737288,-1.991525,10.825156
-1.737288,-1.906780,10.756109
-1.737288,-1.822034,10.695171
-1.737288,-1.737288,10.643974
-1.737288,-1.652542,10.642008
-1.737288,-1.567797,10.640042
-1.737288,-1.483051,10.638076
-1.737288,-1.398305,10.636111
-1.737288,-1.313559,10.634145
-1.737288,-1.228814,10.632179
-1.737288,-1.144068,10.630213
-1.737288,-1.059322,10.628248
-1.737288,-0.974576,10.626282
-1.737288,-0.889831,10.624316
-1.737288,-0.805085,10.622351
-1.737288,-0.720339,10.620385
-1.737288,-0.635593,10.618419
-1.737288,-0.550847,10.616453
-1.737288,-0.466102,10.614488
-1.737288,-0.381356,10.612522
-1.737288,-0.296610,10.610556
-1.737288,-0.211864,10.608590
-1.737288,-0.127119,10.606625
-1.737288,-0.042373,10.604659
-1.737288,0.042373,10.602693
-1.737288,0.127119,10.600727
-1.737288,0.211864,10.598762
-1.737288,0.296610,10.596796
-1.737288,0.381356,10.594830
-1.737288,0.466102,10.592864
-1.737288,0.550847,10.590899
-1.737288,0.635593,10.588933
-1.737288,0.720339,10.586967
-1.737288,0.805085,10.585002
-1.737288,0.889831,10.583036
-1.737288,0.974576,10.581070
-1.737288,1.059322,10.579104
-1.737288,1.144068,10.577139
-1.737288,1.228814,10.575173
-1.737288,1.313559,10.573207
-1.737288,1.398305,10.571241
-1.737288,1.483051,10.569276
-1.737288,1.567797,10.567310
-1.737288,1.652542,10.565344
-1.737288,1.737288,10.563378
-1.737288,1.822034,10.615501
-1.737288,1.906780,10.674174
-1.737288,1.991525,10.742733
-1.737288,2.076271,10.811958
-1.737288,2.161017,10.881182
-1.737288,2.245763,10.950407
-1.737288,2.330508,11.022813
-1.737288,2.415254,11.097057
-1.737288,2.500000,11.171301
_Enter
_Polyline
-1.652542,-2.500000,11.257025
-1.652542,-2.415254,11.182301
-1.652542,-2.330508,11.107576
-1.652542,-2.245763,11.034630
-1.652542,-2.161017,10.964260
-1.652542,-2.076271,10.893890
-1.652542,-1.991525,10.823520
-1.652542,-1.906780,10.754144
-1.652542,-1.822034,10.693206
-1.652542,-1.737288,10.632268
-1.652542,-1.652542,10.581070
-1.652542,-1.567797,10.579104
-1.652542,-1.483051,10.577139
-1.652542,-1.398305,10.575173
-1.652542,-1.313559,10.573207
-1.652542,-1.228814,10.571241
-1.652542,-1.144068,10.569276
-1.652542,-1.059322,10.567310
-1.652542,-0.974576,10.565344
-1.652542,-0.889831,10.563378
-1.652542,-0.805085,10.561413
-1.652542,-0.720339,10.559447
-1.652542,-0.635593,10.557481
-1.652542,-0.550847,10.555515
-1.652542,-0.466102,10.553550
-1.652542,-0.381356,10.551584
-1.652542,-0.296610,10.549618
-1.652542,-0.211864,10.547652
-1.652542,-0.127119,10.545687
-1.652542,-0.042373,10.543721
-1.652542,0.042373,10.541755
-1.652542,0.127119,10.539790
-1.652542,0.211864,10.537824
-1.652542,0.296610,10.535858
-1.652542,0.381356,10.533892
-1.652542,0.466102,10.531927
-1.652542,0.550847,10.529961
-1.652542,0.635593,10.527995
-1.652542,0.720339,10.526029
-1.652542,0.805085,10.524064
-1.652542,0.889831,10.522098
-1.652542,0.974576,10.520132
-1.652542,1.059322,10.518166
-1.652542,1.144068,10.516201
-1.652542,1.228814,10.514235
-1.652542,1.313559,10.512269
-1.652542,1.398305,10.510303
-1.652542,1.483051,10.508338
-1.652542,1.567797,10.506372
-1.652542,1.652542,10.504406
-1.652542,1.737288,10.554804
-1.652542,1.822034,10.613477
-1.652542,1.906780,10.672151
-1.652542,1.991525,10.741045
-1.652542,2.076271,10.810269
-1.652542,2.161017,10.879494
-1.652542,2.245763,10.948718
-1.652542,2.330508,11.021412
-1.652542,2.415254,11.095656
-1.652542,2.500000,11.169900
_Enter
_Polyline
-1.567797,-2.500000,11.255667
-1.567797,-2.415254,11.180942
-1.567797,-2.330508,11.106217
-1.567797,-2.245763,11.032994
-1.567797,-2.161017,10.962624
-1.567797,-2.076271,10.892254
-1.567797,-1.991525,10.821883
-1.567797,-1.906780,10.752178
-1.567797,-1.822034,10.691240
-1.567797,-1.737288,10.630302
-1.567797,-1.652542,10.569364
-1.567797,-1.567797,10.518166
-1.567797,-1.483051,10.516201
-1.567797,-1.398305,10.514235
-1.567797,-1.313559,10.512269
-1.567797,-1.228814,10.510303
-1.567797,-1.144068,10.508338
-1.567797,-1.059322,10.506372
-1.567797,-0.974576,10.504406
-1.567797,-0.889831,10.502441
-1.567797,-0.805085,10.500475
-1.567797,-0.720339,10.498509
-1.567797,-0.635593,10.496543
-1.567797,-0.550847,10.494578
-1.567797,-0.466102,10.492612
-1.567797,-0.381356,10.490646
-1.567797,-0.296610,10.488680
-1.567797,-0.211864,10.486715
-1.567797,-0.127119,10.484749
-1.567797,-0.042373,10.482783
-1.567797,0.042373,10.480817
-1.567797,0.127119,10.478852
-1.567797,0.211864,10.476886
-1.567797,0.296610,10.474920
-1.567797,0.381356,10.472954
-1.567797,0.466102,10.470989
-1.567797,0.550847,10.469023
-1.567797,0.635593,10.467057
-1.567797,0.720339,10.465092
-1.567797,0.805085,10.463126
-1.567797,0.889831,10.461160
-1.567797,0.974576,10.459194
-1.567797,1.059322,10.457229
-1.567797,1.144068,10.455263
-1.567797,1.228814,10.453297
-1.567797,1.313559,10.451331
-1.567797,1.398305,10.449366
-1.567797,1.483051,10.447400
-1.567797,1.567797,10.445434
-1.567797,1.652542,10.494107
-1.567797,1.737288,10.552780
-1.567797,1.822034,10.611454
-1.567797,1.906780,10.670132
-1.567797,1.991525,10.739356
-1.567797,2.076271,10.808581
-1.567797,2.161017,10.877805
-1.567797,2.245763,10.947030
-1.567797,2.330508,11.020011
-1.567797,2.415254,11.094255
-1.567797,2.500000,11.168499
_Enter
_Polyline
-1.483051,-2.500000,11.254308
-1.483051,-2.415254,11.179583
-1.483051,-2.330508,11.104859
-1.483051,-2.245763,11.031357
-1.483051,-2.161017,10.960987
-1.483051,-2.076271,10.890617
-1.483051,-1.991525,10.820247
-1.483051,-1.906780,10.750212
-1.483051,-1.822034,10.689274
-1.483051,-1.737288,10.628336
-1.483051,-1.652542,10.567398
-1.483051,-1.567797,10.506461
-1.483051,-1.483051,10.464629
-1.483051,-1.398305,10.462329
-1.483051,-1.313559,10.460028
-1.483051,-1.228814,10.457728
-1.483051,-1.144068,10.455428
-1.483051,-1.059322,10.453127
-1.483051,-0.974576,10.450827
-1.483051,-0.889831,10.448527
-1.483051,-0.805085,10.446227
-1.483051,-0.720339,10.443926
-1.483051,-0.635593,10.441626
-1.483051,-0.550847,10.439326
-1.483051,-0.466102,10.437025
-1.483051,-0.381356,10.434725
-1.483051,-0.296610,10.432425
-1.483051,-0.211864,10.430124
-1.483051,-0.127119,10.427824
-1.483051,-0.042373,10.425524
-1.483051,0.042373,10.423223
-1.483051,0.127119,10.420923
-1.483051,0.211864,10.418623
-1.483051,0.296610,10.416322
-1.483051,0.381356,10.414022
-1.483051,0.466102,10.411722
-1.483051,0.550847,10.409421
-1.483051,0.635593,10.407121
-1.483051,0.720339,10.404821
-1.483051,0.805085,10.402520
-1.483051,0.889831,10.400222
-1.483051,0.974576,10.398256
-1.483051,1.059322,10.396291
-1.483051,1.144068,10.394325
-1.483051,1.228814,10.392359
-1.483051,1.313559,10.390393
-1.483051,1.398305,10.388428
-1.483051,1.483051,10.386462
-1.483051,1.567797,10.433409
-1.483051,1.652542,10.492083
-1.483051,1.737288,10.550757
-1.483051,1.822034,10.609431
-1.483051,1.906780,10.668443
-1.483051,1.991525,10.737668
-1.483051,2.076271,10.806893
-1.483051,2.161017,10.876117
-1.483051,2.245763,10.945342
-1.483051,2.330508,11.018610
-1.483051,2.415254,11.092854
-1.483051,2.500000,11.167098
_Enter
_Polyline
-1.398305,-2.500000,11.252949
-1.398305,-2.415254,11.178225
-1.398305,-2.330508,11.103500
-1.398305,-2.245763,11.029721
-1.398305,-2.161017,10.959351
-1.398305,-2.076271,10.888981
-1.398305,-1.991525,10.818610
-1.398305,-1.906780,10.748246
-1.398305,-1.822034,10.687308
-1.398305,-1.737288,10.626371
-1.398305,-1.652542,10.565433
-1.398305,-1.567797,10.504495
-1.398305,-1.483051,10.454809
-1.398305,-1.398305,10.418623
-1.398305,-1.313559,10.416322
-1.398305,-1.228814,10.414022
-1.398305,-1.144068,10.411722
-1.398305,-1.059322,10.409421
-1.398305,-0.974576,10.407121
-1.398305,-0.889831,10.404821
-1.398305,-0.805085,10.402520
-1.398305,-0.720339,10.400220
-1.398305,-0.635593,10.397920
-1.398305,-0.550847,10.395619
-1.398305,-0.466102,10.393319
-1.398305,-0.381356,10.391019
-1.398305,-0.296610,10.388718
-1.398305,-0.211864,10.386418
-1.398305,-0.127119,10.384118
-1.398305,-0.042373,10.381817
-1.398305,0.042373,10.379517
-1.398305,0.127119,10.377217
-1.398305,0.211864,10.374917
-1.398305,0.296610,10.372616
-1.398305,0.381356,10.370316
-1.398305,0.466102,10.368016
-1.398305,0.550847,10.365715
-1.398305,0.635593,10.363415
-1.398305,0.720339,10.361115
-1.398305,0.805085,10.358814
-1.398305,0.889831,10.356514
-1.398305,0.974576,10.354214
-1.398305,1.059322,10.351913
-1.398305,1.144068,10.349613
-1.398305,1.228814,10.347313
-1.398305,1.313559,10.345012
-1.398305,1.398305,10.342730
-1.398305,1.483051,10.382679
-1.398305,1.567797,10.431386
-1.398305,1.652542,10.490060
-1.398305,1.737288,10.548734
-1.398305,1.822034,10.607408
-1.398305,1.906780,10.666755
-1.398305,1.991525,10.735980
-1.398305,2.076271,10.805204
-1.398305,2.161017,10.874429
-1.398305,2.245763,10.943653
-1.398305,2.330508,11.017209
-1.398305,2.415254,11.091453
-1.398305,2.500000,11.165698
_Enter
_Polyline
-1.313559,-2.500000,11.251591
-1.313559,-2.415254,11.176866
-1.313559,-2.330508,11.102142
-1.313559,-2.245763,11.028084
-1.313559,-2.161017,10.957714
-1.313559,-2.076271,10.887344
-1.313559,-1.991525,10.816974
-1.313559,-1.906780,10.746604
-1.313559,-1.822034,10.685343
-1.313559,-1.737288,10.624405
-1.313559,-1.652542,10.563467
-1.313559,-1.567797,10.502529
-1.313559,-1.483051,10.452509
-1.313559,-1.398305,10.408803
-1.313559,-1.313559,10.372616
-1.313559,-1.228814,10.370316
-1.313559,-1.144068,10.368016
-1.313559,-1.059322,10.365715
-1.313559,-0.974576,10.363415
-1.313559,-0.889831,10.361115
-1.313559,-0.805085,10.358814
-1.313559,-0.720339,10.356514
-1.313559,-0.635593,10.354214
-1.313559,-0.550847,10.351913
-1.313559,-0.466102,10.349613
-1.313559,-0.381356,10.347313
-1.313559,-0.296610,10.345012
-1.313559,-0.211864,10.342712
-1.313559,-0.127119,10.340412
-1.313559,-0.042373,10.338111
-1.313559,0.042373,10.335811
-1.313559,0.127119,10.333511
-1.313559,0.211864,10.331210
-1.313559,0.296610,10.328910
-1.313559,0.381356,10.326610
-1.313559,0.466102,10.324309
-1.313559,0.550847,10.322009
-1.313559,0.635593,10.319709
-1.313559,0.720339,10.317408
-1.313559,0.805085,10.315108
-1.313559,0.889831,10.312808
-1.313559,0.974576,10.310508
-1.313559,1.059322,10.308207
-1.313559,1.144068,10.305907
-1.313559,1.228814,10.303607
-1.313559,1.313559,10.301306
-1.313559,1.398305,10.340380
-1.313559,1.483051,10.380330
-1.313559,1.567797,10.429363
-1.313559,1.652542,10.488037
-1.313559,1.737288,10.546711
-1.313559,1.822034,10.605384
-1.313559,1.906780,10.665067
-1.313559,1.991525,10.734291
-1.313559,2.076271,10.803516
-1.313559,2.161017,10.872740
-1.313559,2.245763,10.941965
-1.313559,2.330508,11.015808
-1.313559,2.415254,11.090053
-1.313559,2.500000,11.164297
_Enter
_Polyline
-1.228814,-2.500000,11.250232
-1.228814,-2.415254,11.175508
-1.228814,-2.330508,11.100783
-1.228814,-2.245763,11.026448
-1.228814,-2.161017,10.956078
-1.228814,-2.076271,10.885707
-1.228814,-1.991525,10.815337
-1.228814,-1.906780,10.744967
-1.228814,-1.822034,10.683377
-1.228814,-1.737288,10.622439
-1.228814,-1.652542,10.561501
-1.228814,-1.567797,10.500563
-1.228814,-1.483051,10.450209
-1.228814,-1.398305,10.406503
-1.228814,-1.313559,10.362796
-1.228814,-1.228814,10.326610
-1.228814,-1.144068,10.324309
-1.228814,-1.059322,10.322009
-1.228814,-0.974576,10.319709
-1.228814,-0.889831,10.317408
-1.228814,-0.805085,10.315108
-1.228814,-0.720339,10.312808
-1.228814,-0.635593,10.310508
-1.228814,-0.550847,10.308207
-1.228814,-0.466102,10.305907
-1.228814,-0.381356,10.303607
-1.228814,-0.296610,10.301306
-1.228814,-0.211864,10.299006
-1.228814,-0.127119,10.296706
-1.228814,-0.042373,10.294405
-1.228814,0.042373,10.292105
-1.228814,0.127119,10.289805
-1.228814,0.211864,10.287504
-1.228814,0.296610,10.285204
-1.228814,0.381356,10.282904
-1.228814,0.466102,10.280603
-1.228814,0.550847,10.278303
-1.228814,0.635593,10.276003
-1.228814,0.720339,10.273702
-1.228814,0.805085,10.271402
-1.228814,0.889831,10.269102
-1.228814,0.974576,10.266801
-1.228814,1.059322,10.264501
-1.228814,1.144068,10.262201
-1.228814,1.228814,10.259900
-1.228814,1.313559,10.298081
-1.228814,1.398305,10.338030
-1.228814,1.483051,10.377980
-1.228814,1.567797,10.427340
-1.228814,1.652542,10.486014
-1.228814,1.737288,10.544687
-1.228814,1.822034,10.603361
-1.228814,1.906780,10.663378
-1.228814,1.991525,10.732603
-1.228814,2.076271,10.801827
-1.228814,2.161017,10.871052
-1.228814,2.245763,10.940276
-1.228814,2.330508,11.014408
-1.228814,2.415254,11.088652
-1.228814,2.500000,11.162896
_Enter
_Polyline
-1.144068,-2.500000,11.248874
-1.144068,-2.415254,11.174149
-1.144068,-2.330508,11.099424
-1.144068,-2.245763,11.024811
-1.144068,-2.161017,10.954441
-1.144068,-2.076271,10.884071
-1.144068,-1.991525,10.813701
-1.144068,-1.906780,10.743331
-1.144068,-1.822034,10.681411
-1.144068,-1.737288,10.620473
-1.144068,-1.652542,10.559535
-1.144068,-1.567797,10.498598
-1.144068,-1.483051,10.447908
-1.144068,-1.398305,10.404202
-1.144068,-1.313559,10.360496
-1.144068,-1.228814,10.316790
-1.144068,-1.144068,10.280603
-1.144068,-1.059322,10.278303
-1.144068,-0.974576,10.276003
-1.144068,-0.889831,10.273702
-1.144068,-0.805085,10.271402
-1.144068,-0.720339,10.269102
-1.144068,-0.635593,10.266801
-1.144068,-0.550847,10.264501
-1.144068,-0.466102,10.262201
-1.144068,-0.381356,10.259900
-1.144068,-0.296610,10.257600
-1.144068,-0.211864,10.255300
-1.144068,-0.127119,10.252999
-1.144068,-0.042373,10.250699
-1.144068,0.042373,10.248399
-1.144068,0.127119,10.246098
-1.144068,0.211864,10.243798
-1.144068,0.296610,10.241498
-1.144068,0.381356,10.239198
-1.144068,0.466102,10.236897
-1.144068,0.550847,10.234597
-1.144068,0.635593,10.232297
-1.144068,0.720339,10.229996
-1.144068,0.805085,10.227696
-1.144068,0.889831,10.225396
-1.144068,0.974576,10.223095
-1.144068,1.059322,10.220795
-1.144068,1.144068,10.218495
-1.144068,1.228814,10.255782
-1.144068,1.313559,10.295731
-1.144068,1.398305,10.335680
-1.144068,1.483051,10.375630
-1.144068,1.567797,10.425317
-1.144068,1.652542,10.483990
-1.144068,1.737288,10.542664
-1.144068,1.822034,10.601338
-1.144068,1.906780,10.661690
-1.144068,1.991525,10.730914
-1.144068,2.076271,10.800139
-1.144068,2.161017,10.869363
-1.144068,2.245763,10.938762
-1.144068,2.330508,11.013007
-1.144068,2.415254,11.087251
-1.144068,2.500000,11.161495
_Enter
_Polyline
-1.059322,-2.500000,11.247515
-1.059322,-2.415254,11.172790
-1.059322,-2.330508,11.098066
-1.059322,-2.245763,11.023341
-1.059322,-2.161017,10.952805
-1.059322,-2.076271,10.882434
-1.059322,-1.991525,10.812064
-1.059322,-1.906780,10.741694
-1.059322,-1.822034,10.679445
-1.059322,-1.737288,10.618508
-1.059322,-1.652542,10.557570
-1.059322,-1.567797,10.496632
-1.059322,-1.483051,10.445608
-1.059322,-1.398305,10.401902
-1.059322,-1.313559,10.358196
-1.059322,-1.228814,10.314490
-1.059322,-1.144068,10.270784
-1.059322,-1.059322,10.237193
-1.059322,-0.974576,10.234658
-1.059322,-0.889831,10.232122
-1.059322,-0.805085,10.229587
-1.059322,-0.720339,10.227051
-1.059322,-0.635593,10.224516
-1.059322,-0.550847,10.221980
-1.059322,-0.466102,10.219445
-1.059322,-0.381356,10.216910
-1.059322,-0.296610,10.214374
-1.059322,-0.211864,10.211839
-1.059322,-0.127119,10.209303
-1.059322,-0.042373,10.206993
-1.059322,0.042373,10.204693
-1.059322,0.127119,10.202392
-1.059322,0.211864,10.200092
-1.059322,0.296610,10.197792
-1.059322,0.381356,10.195491
-1.059322,0.466102,10.193191
-1.059322,0.550847,10.190891
-1.059322,0.635593,10.188590
-1.059322,0.720339,10.186290
-1.059322,0.805085,10.183990
-1.059322,0.889831,10.181689
-1.059322,0.974576,10.179389
-1.059322,1.059322,10.177089
-1.059322,1.144068,10.213482
-1.059322,1.228814,10.253432
-1.059322,1.313559,10.293381
-1.059322,1.398305,10.333330
-1.059322,1.483051,10.373280
-1.059322,1.567797,10.423293
-1.059322,1.652542,10.481967
-1.059322,1.737288,10.540641
-1.059322,1.822034,10.599315
-1.059322,1.906780,10.660001
-1.059322,1.991525,10.729226
-1.059322,2.076271,10.798451
-1.059322,2.161017,10.867675
-1.059322,2.245763,10.937362
-1.059322,2.330508,11.011606
-1.059322,2.415254,11.085850
-1.059322,2.500000,11.160094
_Enter
_Polyline
-0.974576,-2.500000,11.246156
-0.974576,-2.415254,11.171432
-0.974576,-2.330508,11.096707
-0.974576,-2.245763,11.021982
-0.974576,-2.161017,10.951168
-0.974576,-2.076271,10.880798
-0.974576,-1.991525,10.810428
-0.974576,-1.906780,10.740058
-0.974576,-1.822034,10.677480
-0.974576,-1.737288,10.616542
-0.974576,-1.652542,10.555604
-0.974576,-1.567797,10.494666
-0.974576,-1.483051,10.443308
-0.974576,-1.398305,10.399602
-0.974576,-1.313559,10.355896
-0.974576,-1.228814,10.312189
-0.974576,-1.144068,10.268483
-0.974576,-1.059322,10.231705
-0.974576,-0.974576,10.216910
-0.974576,-0.889831,10.214374
-0.974576,-0.805085,10.211839
-0.974576,-0.720339,10.209303
-0.974576,-0.635593,10.206768
-0.974576,-0.550847,10.204233
-0.974576,-0.466102,10.201697
-0.974576,-0.381356,10.199162
-0.974576,-0.296610,10.196626
-0.974576,-0.211864,10.194091
-0.974576,-0.127119,10.191556
-0.974576,-0.042373,10.189020
-0.974576,0.042373,10.186485
-0.974576,0.127119,10.183949
-0.974576,0.211864,10.181414
-0.974576,0.296610,10.178879
-0.974576,0.381356,10.176343
-0.974576,0.466102,10.173808
-0.974576,0.550847,10.171272
-0.974576,0.635593,10.168737
-0.974576,0.720339,10.166202
-0.974576,0.805085,10.163666
-0.974576,0.889831,10.161131
-0.974576,0.974576,10.160079
-0.974576,1.059322,10.172858
-0.974576,1.144068,10.211132
-0.974576,1.228814,10.251082
-0.974576,1.313559,10.291031
-0.974576,1.398305,10.330980
-0.974576,1.483051,10.370930
-0.974576,1.567797,10.421270
-0.974576,1.652542,10.479944
-0.974576,1.737288,10.538618
-0.974576,1.822034,10.597291
-0.974576,1.906780,10.658313
-0.974576,1.991525,10.727538
-0.974576,2.076271,10.796762
-0.974576,2.161017,10.865987
-0.974576,2.245763,10.935961
-0.974576,2.330508,11.010205
-0.974576,2.415254,11.084449
-0.974576,2.500000,11.158693
_Enter
_Polyline
-0.889831,-2.500000,11.244798
-0.889831,-2.415254,11.170073
-0.889831,-2.330508,11.095348
-0.889831,-2.245763,11.020624
-0.889831,-2.161017,10.949532
-0.889831,-2.076271,10.879161
-0.889831,-1.991525,10.808791
-0.889831,-1.906780,10.738421
-0.889831,-1.822034,10.675514
-0.889831,-1.737288,10.614576
-0.889831,-1.652542,10.553638
-0.889831,-1.567797,10.492700
-0.889831,-1.483051,10.441007
-0.889831,-1.398305,10.397301
-0.889831,-1.313559,10.353595
-0.889831,-1.228814,10.309889
-0.889831,-1.144068,10.266183
-0.889831,-1.059322,10.229170
-0.889831,-0.974576,10.211422
-0.889831,-0.889831,10.196626
-0.889831,-0.805085,10.194091
-0.889831,-0.720339,10.191556
-0.889831,-0.635593,10.189020
-0.889831,-0.550847,10.186485
-0.889831,-0.466102,10.183949
-0.889831,-0.381356,10.181414
-0.889831,-0.296610,10.178879
-0.889831,-0.211864,10.176343
-0.889831,-0.127119,10.173808
-0.889831,-0.042373,10.171272
-0.889831,0.042373,10.168737
-0.889831,0.127119,10.166202
-0.889831,0.211864,10.163666
-0.889831,0.296610,10.161131
-0.889831,0.381356,10.158595
-0.889831,0.466102,10.156060
-0.889831,0.550847,10.153525
-0.889831,0.635593,10.150989
-0.889831,0.720339,10.148454
-0.889831,0.805085,10.145918
-0.889831,0.889831,10.144744
-0.889831,0.974576,10.157523
-0.889831,1.059322,10.170302
-0.889831,1.144068,10.208782
-0.889831,1.228814,10.248732
-0.889831,1.313559,10.288681
-0.889831,1.398305,10.328630
-0.889831,1.483051,10.368580
-0.889831,1.567797,10.419247
-0.889831,1.652542,10.477921
-0.889831,1.737288,10.536594
-0.889831,1.822034,10.595268
-0.889831,1.906780,10.656625
-0.889831,1.991525,10.725849
-0.889831,2.076271,10.795074
-0.889831,2.161017,10.864298
-0.889831,2.245763,10.934560
-0.889831,2.330508,11.008804
-0.889831,2.415254,11.083048
-0.889831,2.500000,11.157293
_Enter
_Polyline
-0.805085,-2.500000,11.243439
-0.805085,-2.415254,11.168714
-0.805085,-2.330508,11.093990
-0.805085,-2.245763,11.019265
-0.805085,-2.161017,10.947895
-0.805085,-2.076271,10.877525
-0.805085,-1.991525,10.807155
-0.805085,-1.906780,10.736785
-0.805085,-1.822034,10.673548
-0.805085,-1.737288,10.612610
-0.805085,-1.652542,10.551673
-0.805085,-1.567797,10.490735
-0.805085,-1.483051,10.438707
-0.805085,-1.398305,10.395001
-0.805085,-1.313559,10.351295
-0.805085,-1.228814,10.307589
-0.805085,-1.144068,10.263883
-0.805085,-1.059322,10.226634
-0.805085,-0.974576,10.208886
-0.805085,-0.889831,10.191139
-0.805085,-0.805085,10.176343
-0.805085,-0.720339,10.173808
-0.805085,-0.635593,10.171272
-0.805085,-0.550847,10.168737
-0.805085,-0.466102,10.166202
-0.805085,-0.381356,10.163666
-0.805085,-0.296610,10.161131
-0.805085,-0.211864,10.158595
-0.805085,-0.127119,10.156060
-0.805085,-0.042373,10.153525
-0.805085,0.042373,10.150989
-0.805085,0.127119,10.148454
-0.805085,0.211864,10.145918
-0.805085,0.296610,10.143383
-0.805085,0.381356,10.140848
-0.805085,0.466102,10.138312
-0.805085,0.550847,10.135777
-0.805085,0.635593,10.133241
-0.805085,0.720339,10.130706
-0.805085,0.805085,10.129408
-0.805085,0.889831,10.142188
-0.805085,0.974576,10.154967
-0.805085,1.059322,10.167746
-0.805085,1.144068,10.206432
-0.805085,1.228814,10.246382
-0.805085,1.313559,10.286331
-0.805085,1.398305,10.326280
-0.805085,1.483051,10.366230
-0.805085,1.567797,10.417224
-0.805085,1.652542,10.475897
-0.805085,1.737288,10.534571
-0.805085,1.822034,10.593245
-0.805085,1.906780,10.654936
-0.805085,1.991525,10.724161
-0.805085,2.076271,10.793385
-0.805085,2.161017,10.862610
-0.805085,2.245763,10.933159
-0.805085,2.330508,11.007403
-0.805085,2.415254,11.081648
-0.805085,2.500000,11.155892
_Enter
_Polyline
-0.720339,-2.500000,11.242080
-0.720339,-2.415254,11.167356
-0.720339,-2.330508,11.092631
-0.720339,-2.245763,11.017906
-0.720339,-2.161017,10.946259
-0.720339,-2.076271,10.875888
-0.720339,-1.991525,10.805518
-0.720339,-1.906780,10.735148
-0.720339,-1.822034,10.671583
-0.720339,-1.737288,10.610645
-0.720339,-1.652542,10.549707
-0.720339,-1.567797,10.488769
-0.720339,-1.483051,10.436407
-0.720339,-1.398305,10.392701
-0.720339,-1.313559,10.348995
-0.720339,-1.228814,10.305288
-0.720339,-1.144068,10.261582
-0.720339,-1.059322,10.224099
-0.720339,-0.974576,10.206351
-0.720339,-0.889831,10.188603
-0.720339,-0.805085,10.170855
-0.720339,-0.720339,10.156060
-0.720339,-0.635593,10.153525
-0.720339,-0.550847,10.150989
-0.720339,-0.466102,10.148454
-0.720339,-0.381356,10.145918
-0.720339,-0.296610,10.143383
-0.720339,-0.211864,10.140848
-0.720339,-0.127119,10.138312
-0.720339,-0.042373,10.135777
-0.720339,0.042373,10.133241
-0.720339,0.127119,10.130706
-0.720339,0.211864,10.128171
-0.720339,0.296610,10.125635
-0.720339,0.381356,10.123100
-0.720339,0.466102,10.120564
-0.720339,0.550847,10.118029
-0.720339,0.635593,10.115494
-0.720339,0.720339,10.114073
-0.720339,0.805085,10.126852
-0.720339,0.889831,10.139632
-0.720339,0.974576,10.152411
-0.720339,1.059322,10.165190
-0.720339,1.144068,10.204082
-0.720339,1.228814,10.244032
-0.720339,1.313559,10.283981
-0.720339,1.398305,10.323930
-0.720339,1.483051,10.363880
-0.720339,1.567797,10.415200
-0.720339,1.652542,10.473874
-0.720339,1.737288,10.532548
-0.720339,1.822034,10.591222
-0.720339,1.906780,10.653248
-0.720339,1.991525,10.722472
-0.720339,2.076271,10.791697
-0.720339,2.161017,10.860921
-0.720339,2.245763,10.931758
-0.720339,2.330508,11.006003
-0.720339,2.415254,11.080247
-0.720339,2.500000,11.154491
_Enter
_Polyline
-0.635593,-2.500000,11.240722
-0.635593,-2.415254,11.165997
-0.635593,-2.330508,11.091272
-0.635593,-2.245763,11.016548
-0.635593,-2.161017,10.944622
-0.635593,-2.076271,10.874252
-0.635593,-1.991525,10.803882
-0.635593,-1.906780,10.733512
-0.635593,-1.822034,10.669617
-0.635593,-1.737288,10.608679
-0.635593,-1.652542,10.547741
-0.635593,-1.567797,10.486803
-0.635593,-1.483051,10.434106
-0.635593,-1.398305,10.390400
-0.635593,-1.313559,10.346694
-0.635593,-1.228814,10.302988
-0.635593,-1.144068,10.259282
-0.635593,-1.059322,10.221563
-0.635593,-0.974576,10.203816
-0.635593,-0.889831,10.186068
-0.635593,-0.805085,10.168320
-0.635593,-0.720339,10.150572
-0.635593,-0.635593,10.135777
-0.635593,-0.550847,10.133241
-0.635593,-0.466102,10.130706
-0.635593,-0.381356,10.128171
-0.635593,-0.296610,10.125635
-0.635593,-0.211864,10.123100
-0.635593,-0.127119,10.120564
-0.635593,-0.042373,10.118029
-0.635593,0.042373,10.115494
-0.635593,0.127119,10.112958
-0.635593,0.211864,10.110423
-0.635593,0.296610,10.107887
-0.635593,0.381356,10.105352
-0.635593,0.466102,10.102817
-0.635593,0.550847,10.100281
-0.635593,0.635593,10.098738
-0.635593,0.720339,10.111517
-0.635593,0.805085,10.124297
-0.635593,0.889831,10.137076
-0.635593,0.974576,10.149855
-0.635593,1.059322,10.162635
-0.635593,1.144068,10.201732
-0.635593,1.228814,10.241682
-0.635593,1.313559,10.281631
-0.635593,1.398305,10.321580
-0.635593,1.483051,10.361530
-0.635593,1.567797,10.413177
-0.635593,1.652542,10.471851
-0.635593,1.737288,10.530525
-0.635593,1.822034,10.589199
-0.635593,1.906780,10.651559
-0.635593,1.991525,10.720784
-0.635593,2.076271,10.790008
-0.635593,2.161017,10.859233
-0.635593,2.245763,10.930357
-0.635593,2.330508,11.004602
-0.635593,2.415254,11.078846
-0.635593,2.500000,11.153090
_Enter
_Polyline
-0.550847,-2.500000,11.239363
-0.550847,-2.415254,11.164638
-0.550847,-2.330508,11.089914
-0.550847,-2.245763,11.015189
-0.550847,-2.161017,10.942986
-0.550847,-2.076271,10.872615
-0.550847,-1.991525,10.802245
-0.550847,-1.906780,10.731875
-0.550847,-1.822034,10.667651
-0.550847,-1.737288,10.606713
-0.550847,-1.652542,10.545775
-0.550847,-1.567797,10.484837
-0.550847,-1.483051,10.431806
-0.550847,-1.398305,10.388100
-0.550847,-1.313559,10.344394
-0.550847,-1.228814,10.300688
-0.550847,-1.144068,10.256982
-0.550847,-1.059322,10.219028
-0.550847,-0.974576,10.201280
-0.550847,-0.889831,10.183532
-0.550847,-0.805085,10.165785
-0.550847,-0.720339,10.148037
-0.550847,-0.635593,10.130289
-0.550847,-0.550847,10.115494
-0.550847,-0.466102,10.112958
-0.550847,-0.381356,10.110423
-0.550847,-0.296610,10.107887
-0.550847,-0.211864,10.105352
-0.550847,-0.127119,10.102817
-0.550847,-0.042373,10.100281
-0.550847,0.042373,10.097746
-0.550847,0.127119,10.095210
-0.550847,0.211864,10.092675
-0.550847,0.296610,10.090140
-0.550847,0.381356,10.087604
-0.550847,0.466102,10.085069
-0.550847,0.550847,10.083403
-0.550847,0.635593,10.096182
-0.550847,0.720339,10.108961
-0.550847,0.805085,10.121741
-0.550847,0.889831,10.134520
-0.550847,0.974576,10.147299
-0.550847,1.059322,10.160079
-0.550847,1.144068,10.199383
-0.550847,1.228814,10.239332
-0.550847,1.313559,10.279281
-0.550847,1.398305,10.319231
-0.550847,1.483051,10.359180
-0.550847,1.567797,10.411154
-0.550847,1.652542,10.469828
-0.550847,1.737288,10.528501
-0.550847,1.822034,10.587175
-0.550847,1.906780,10.649871
-0.550847,1.991525,10.719096
-0.550847,2.076271,10.788320
-0.550847,2.161017,10.857545
-0.550847,2.245763,10.928957
-0.550847,2.330508,11.003201
-0.550847,2.415254,11.077445
-0.550847,2.500000,11.151689
_Enter
_Polyline
-0.466102,-2.500000,11.238004
-0.466102,-2.415254,11.163280
-0.466102,-2.330508,11.088555
-0.466102,-2.245763,11.013831
-0.466102,-2.161017,10.941349
-0.466102,-2.076271,10.870979
-0.466102,-1.991525,10.800609
-0.466102,-1.906780,10.730239
-0.466102,-1.822034,10.665685
-0.466102,-1.737288,10.604747
-0.466102,-1.652542,10.543810
-0.466102,-1.567797,10.482872
-0.466102,-1.483051,10.429506
-0.466102,-1.398305,10.385800
-0.466102,-1.313559,10.342094
-0.466102,-1.228814,10.298387
-0.466102,-1.144068,10.254681
-0.466102,-1.059322,10.216493
-0.466102,-0.974576,10.198745
-0.466102,-0.889831,10.180997
-0.466102,-0.805085,10.163249
-0.466102,-0.720339,10.145501
-0.466102,-0.635593,10.127754
-0.466102,-0.550847,10.110006
-0.466102,-0.466102,10.095210
-0.466102,-0.381356,10.092675
-0.466102,-0.296610,10.090140
-0.466102,-0.211864,10.087604
-0.466102,-0.127119,10.085069
-0.466102,-0.042373,10.082533
-0.466102,0.042373,10.079998
-0.466102,0.127119,10.077463
-0.466102,0.211864,10.074927
-0.466102,0.296610,10.072392
-0.466102,0.381356,10.069856
-0.466102,0.466102,10.068068
-0.466102,0.550847,10.080847
-0.466102,0.635593,10.093626
-0.466102,0.720339,10.106406
-0.466102,0.805085,10.119185
-0.466102,0.889831,10.131964
-0.466102,0.974576,10.144744
-0.466102,1.059322,10.157523
-0.466102,1.144068,10.197033
-0.466102,1.228814,10.236982
-0.466102,1.313559,10.276931
-0.466102,1.398305,10.316881
-0.466102,1.483051,10.356830
-0.466102,1.567797,10.409131
-0.466102,1.652542,10.467804
-0.466102,1.737288,10.526478
-0.466102,1.822034,10.585152
-0.466102,1.906780,10.648183
-0.466102,1.991525,10.717407
-0.466102,2.076271,10.786632
-0.466102,2.161017,10.855856
-0.466102,2.245763,10.927556
-0.466102,2.330508,11.001800
-0.466102,2.415254,11.076044
-0.466102,2.500000,11.150288
_Enter
_Polyline
-0.381356,-2.500000,11.236646
-0.381356,-2.415254,11.161921
-0.381356,-2.330508,11.087197
-0.381356,-2.245763,11.012472
-0.381356,-2.161017,10.939712
-0.381356,-2.076271,10.869342
-0.381356,-1.991525,10.798972
-0.381356,-1.906780,10.728602
-0.381356,-1.822034,10.663720
-0.381356,-1.737288,10.602782
-0.381356,-1.652542,10.541844
-0.381356,-1.567797,10.480906
-0.381356,-1.483051,10.427206
-0.381356,-1.398305,10.383499
-0.381356,-1.313559,10.339793
-0.381356,-1.228814,10.296087
-0.381356,-1.144068,10.252381
-0.381356,-1.059322,10.213957
-0.381356,-0.974576,10.196209
-0.381356,-0.889831,10.178462
-0.381356,-0.805085,10.160714
-0.381356,-0.720339,10.142966
-0.381356,-0.635593,10.125218
-0.381356,-0.550847,10.107470
-0.381356,-0.466102,10.089723
-0.381356,-0.381356,10.074927
-0.381356,-0.296610,10.072392
-0.381356,-0.211864,10.069856
-0.381356,-0.127119,10.067321
-0.381356,-0.042373,10.064786
-0.381356,0.042373,10.062250
-0.381356,0.127119,10.059715
-0.381356,0.211864,10.057179
-0.381356,0.296610,10.054644
-0.381356,0.381356,10.052732
-0.381356,0.466102,10.065512
-0.381356,0.550847,10.078291
-0.381356,0.635593,10.091070
-0.381356,0.720339,10.103850
-0.381356,0.805085,10.116629
-0.381356,0.889831,10.129408
-0.381356,0.974576,10.142188
-0.381356,1.059322,10.154967
-0.381356,1.144068,10.194683
-0.381356,1.228814,10.234632
-0.381356,1.313559,10.274581
-0.381356,1.398305,10.314531
-0.381356,1.483051,10.354480
-0.381356,1.567797,10.407107
-0.381356,1.652542,10.465781
-0.381356,1.737288,10.524455
-0.381356,1.822034,10.583129
-0.381356,1.906780,10.646494
-0.381356,1.991525,10.715719
-0.381356,2.076271,10.784943
-0.381356,2.161017,10.854168
-0.381356,2.245763,10.926155
-0.381356,2.330508,11.000399
-0.381356,2.415254,11.074643
-0.381356,2.500000,11.148888
_Enter
_Polyline
-0.296610,-2.500000,11.235287
-0.296610,-2.415254,11.160563
-0.296610,-2.330508,11.085838
-0.296610,-2.245763,11.011113
-0.296610,-2.161017,10.938076
-0.296610,-2.076271,10.867706
-0.296610,-1.991525,10.797336
-0.296610,-1.906780,10.726965
-0.296610,-1.822034,10.661754
-0.296610,-1.737288,10.600816
-0.296610,-1.652542,10.539878
-0.296610,-1.567797,10.478940
-0.296610,-1.483051,10.424905
-0.296610,-1.398305,10.381199
-0.296610,-1.313559,10.337493
-0.296610,-1.228814,10.293787
-0.296610,-1.144068,10.250081
-0.296610,-1.059322,10.211422
-0.296610,-0.974576,10.193674
-0.296610,-0.889831,10.175926
-0.296610,-0.805085,10.158178
-0.296610,-0.720339,10.140431
-0.296610,-0.635593,10.122683
-0.296610,-0.550847,10.104935
-0.296610,-0.466102,10.087187
-0.296610,-0.381356,10.069439
-0.296610,-0.296610,10.054644
-0.296610,-0.211864,10.052109
-0.296610,-0.127119,10.049573
-0.296610,-0.042373,10.047038
-0.296610,0.042373,10.044502
-0.296610,0.127119,10.041967
-0.296610,0.211864,10.039432
-0.296610,0.296610,10.037397
-0.296610,0.381356,10.050177
-0.296610,0.466102,10.062956
-0.296610,0.550847,10.075735
-0.296610,0.635593,10.088514
-0.296610,0.720339,10.101294
-0.296610,0.805085,10.114073
-0.296610,0.889831,10.126852
-0.296610,0.974576,10.139632
-0.296610,1.059322,10.152411
-0.296610,1.144068,10.192333
-0.296610,1.228814,10.232282
-0.296610,1.313559,10.272231
-0.296610,1.398305,10.312181
-0.296610,1.483051,10.352130
-0.296610,1.567797,10.405084
-0.296610,1.652542,10.463758
-0.296610,1.737288,10.522432
-0.296610,1.822034,10.581106
-0.296610,1.906780,10.644806
-0.296610,1.991525,10.714030
-0.296610,2.076271,10.783255
-0.296610,2.161017,10.852479
-0.296610,2.245763,10.924754
-0.296610,2.330508,10.998998
-0.296610,2.415254,11.073243
-0.296610,2.500000,11.147487
_Enter
_Polyline
-0.211864,-2.500000,11.233929
-0.211864,-2.415254,11.159204
-0.211864,-2.330508,11.084479
-0.211864,-2.245763,11.009755
-0.211864,-2.161017,10.936439
-0.211864,-2.076271,10.866069
-0.211864,-1.991525,10.795699
-0.211864,-1.906780,10.725329
-0.211864,-1.822034,10.659788
-0.211864,-1.737288,10.598850
-0.211864,-1.652542,10.537912
-0.211864,-1.567797,10.476974
-0.211864,-1.483051,10.422605
-0.211864,-1.398305,10.378899
-0.211864,-1.313559,10.335193
-0.211864,-1.228814,10.291487
-0.211864,-1.144068,10.247780
-0.211864,-1.059322,10.208886
-0.211864,-0.974576,10.191139
-0.211864,-0.889831,10.173391
-0.211864,-0.805085,10.155643
-0.211864,-0.720339,10.137895
-0.211864,-0.635593,10.120147
-0.211864,-0.550847,10.102400
-0.211864,-0.466102,10.084652
-0.211864,-0.381356,10.066904
-0.211864,-0.296610,10.049156
-0.211864,-0.211864,10.034361
-0.211864,-0.127119,10.031825
-0.211864,-0.042373,10.029290
-0.211864,0.042373,10.026755
-0.211864,0.127119,10.024219
-0.211864,0.211864,10.022062
-0.211864,0.296610,10.034841
-0.211864,0.381356,10.047621
-0.211864,0.466102,10.060400
-0.211864,0.550847,10.073179
-0.211864,0.635593,10.085959
-0.211864,0.720339,10.098738
-0.211864,0.805085,10.111517
-0.211864,0.889831,10.124297
-0.211864,0.974576,10.137076
-0.211864,1.059322,10.150033
-0.211864,1.144068,10.189983
-0.211864,1.228814,10.229932
-0.211864,1.313559,10.269881
-0.211864,1.398305,10.309831
-0.211864,1.483051,10.349780
-0.211864,1.567797,10.403061
-0.211864,1.652542,10.461735
-0.211864,1.737288,10.520409
-0.211864,1.822034,10.579082
-0.211864,1.906780,10.643117
-0.211864,1.991525,10.712342
-0.211864,2.076271,10.781566
-0.211864,2.161017,10.850791
-0.211864,2.245763,10.923353
-0.211864,2.330508,10.997597
-0.211864,2.415254,11.071842
-0.211864,2.500000,11.146086
_Enter
_Polyline
-0.127119,-2.500000,11.232570
-0.127119,-2.415254,11.157845
-0.127119,-2.330508,11.083121
-0.127119,-2.245763,11.008396
-0.127119,-2.161017,10.934803
-0.127119,-2.076271,10.864433
-0.127119,-1.991525,10.794063
-0.127119,-1.906780,10.723692
-0.127119,-1.822034,10.657822
-0.127119,-1.737288,10.596884
-0.127119,-1.652542,10.535947
-0.127119,-1.567797,10.475009
-0.127119,-1.483051,10.420305
-0.127119,-1.398305,10.376598
-0.127119,-1.313559,10.332892
-0.127119,-1.228814,10.289186
-0.127119,-1.144068,10.245480
-0.127119,-1.059322,10.206351
-0.127119,-0.974576,10.188603
-0.127119,-0.889831,10.170855
-0.127119,-0.805085,10.153108
-0.127119,-0.720339,10.135360
-0.127119,-0.635593,10.117612
-0.127119,-0.550847,10.099864
-0.127119,-0.466102,10.082116
-0.127119,-0.381356,10.064369
-0.127119,-0.296610,10.046621
-0.127119,-0.211864,10.028873
-0.127119,-0.127119,10.014077
-0.127119,-0.042373,10.011542
-0.127119,0.042373,10.009007
-0.127119,0.127119,10.006727
-0.127119,0.211864,10.019506
-0.127119,0.296610,10.032285
-0.127119,0.381356,10.045065
-0.127119,0.466102,10.057844
-0.127119,0.550847,10.070623
-0.127119,0.635593,10.083403
-0.127119,0.720339,10.096182
-0.127119,0.805085,10.108961
-0.127119,0.889831,10.121741
-0.127119,0.974576,10.134520
-0.127119,1.059322,10.147683
-0.127119,1.144068,10.187633
-0.127119,1.228814,10.227582
-0.127119,1.313559,10.267531
-0.127119,1.398305,10.307481
-0.127119,1.483051,10.347430
-0.127119,1.567797,10.401038
-0.127119,1.652542,10.459712
-0.127119,1.737288,10.518385
-0.127119,1.822034,10.577059
-0.127119,1.906780,10.641429
-0.127119,1.991525,10.710654
-0.127119,2.076271,10.779878
-0.127119,2.161017,10.849103
-0.127119,2.245763,10.921952
-0.127119,2.330508,10.996197
-0.127119,2.415254,11.070441
-0.127119,2.500000,11.144685
_Enter
_Polyline
-0.042373,-2.500000,11.231211
-0.042373,-2.415254,11.156487
-0.042373,-2.330508,11.081762
-0.042373,-2.245763,11.007037
-0.042373,-2.161017,10.933166
-0.042373,-2.076271,10.862796
-0.042373,-1.991525,10.792426
-0.042373,-1.906780,10.722056
-0.042373,-1.822034,10.655857
-0.042373,-1.737288,10.594919
-0.042373,-1.652542,10.533981
-0.042373,-1.567797,10.473043
-0.042373,-1.483051,10.418004
-0.042373,-1.398305,10.374298
-0.042373,-1.313559,10.330592
-0.042373,-1.228814,10.286886
-0.042373,-1.144068,10.243180
-0.042373,-1.059322,10.203816
-0.042373,-0.974576,10.186068
-0.042373,-0.889831,10.168320
-0.042373,-0.805085,10.150572
-0.042373,-0.720339,10.132824
-0.042373,-0.635593,10.115077
-0.042373,-0.550847,10.097329
-0.042373,-0.466102,10.079581
-0.042373,-0.381356,10.061833
-0.042373,-0.296610,10.044085
-0.042373,-0.211864,10.026337
-0.042373,-0.127119,10.008590
-0.042373,-0.042373,9.993794
-0.042373,0.042373,9.991392
-0.042373,0.127119,10.004171
-0.042373,0.211864,10.016950
-0.042373,0.296610,10.029730
-0.042373,0.381356,10.042509
-0.042373,0.466102,10.055288
-0.042373,0.550847,10.068068
-0.042373,0.635593,10.080847
-0.042373,0.720339,10.093626
-0.042373,0.805085,10.106406
-0.042373,0.889831,10.119185
-0.042373,0.974576,10.131964
-0.042373,1.059322,10.145333
-0.042373,1.144068,10.185283
-0.042373,1.228814,10.225232
-0.042373,1.313559,10.265181
-0.042373,1.398305,10.305131
-0.042373,1.483051,10.345080
-0.042373,1.567797,10.399015
-0.042373,1.652542,10.457688
-0.042373,1.737288,10.516362
-0.042373,1.822034,10.575036
-0.042373,1.906780,10.639741
-0.042373,1.991525,10.708965
-0.042373,2.076271,10.778190
-0.042373,2.161017,10.847414
-0.042373,2.245763,10.920552
-0.042373,2.330508,10.994796
-0.042373,2.415254,11.069040
-0.042373,2.500000,11.143284
_Enter
_Polyline
0.042373,-2.500000,11.229853
0.042373,-2.415254,11.155128
0.042373,-2.330508,11.080403
0.042373,-2.245763,11.005679
0.042373,-2.161017,10.931530
0.042373,-2.076271,10.861160
0.042373,-1.991525,10.790790
0.042373,-1.906780,10.720419
0.042373,-1.822034,10.653891
0.042373,-1.737288,10.592953
0.042373,-1.652542,10.532015
0.042373,-1.567797,10.471077
0.042373,-1.483051,10.415704
0.042373,-1.398305,10.371998
0.042373,-1.313559,10.328292
0.042373,-1.228814,10.284586
0.042373,-1.144068,10.240879
0.042373,-1.059322,10.201280
0.042373,-0.974576,10.183532
0.042373,-0.889831,10.165785
0.042373,-0.805085,10.148037
0.042373,-0.720339,10.130289
0.042373,-0.635593,10.112541
0.042373,-0.550847,10.094793
0.042373,-0.466102,10.077046
0.042373,-0.381356,10.059298
0.042373,-0.296610,10.041550
0.042373,-0.211864,10.023802
0.042373,-0.127119,10.006054
0.042373,-0.042373,9.988837
0.042373,0.042373,9.988836
0.042373,0.127119,10.001615
0.042373,0.211864,10.014394
0.042373,0.296610,10.027174
0.042373,0.381356,10.039953
0.042373,0.466102,10.052732
0.042373,0.550847,10.065512
0.042373,0.635593,10.078291
0.042373,0.720339,10.091070
0.042373,0.805085,10.103850
0.042373,0.889831,10.116629
0.042373,0.974576,10.129408
0.042373,1.059322,10.142983
0.042373,1.144068,10.182933
0.042373,1.228814,10.222882
0.042373,1.313559,10.262831
0.042373,1.398305,10.302781
0.042373,1.483051,10.342730
0.042373,1.567797,10.396991
0.042373,1.652542,10.455665
0.042373,1.737288,10.514339
0.042373,1.822034,10.573013
0.042373,1.906780,10.638052
0.042373,1.991525,10.707277
0.042373,2.076271,10.776501
0.042373,2.161017,10.845726
0.042373,2.245763,10.919151
0.042373,2.330508,10.993395
0.042373,2.415254,11.067639
0.042373,2.500000,11.141883
_Enter
_Polyline
0.127119,-2.500000,11.228494
0.127119,-2.415254,11.153769
0.127119,-2.330508,11.079045
0.127119,-2.245763,11.004320
0.127119,-2.161017,10.929893
0.127119,-2.076271,10.859523
0.127119,-1.991525,10.789153
0.127119,-1.906780,10.718783
0.127119,-1.822034,10.651925
0.127119,-1.737288,10.590987
0.127119,-1.652542,10.530049
0.127119,-1.567797,10.469112
0.127119,-1.483051,10.413404
0.127119,-1.398305,10.369697
0.127119,-1.313559,10.325991
0.127119,-1.228814,10.282285
0.127119,-1.144068,10.238579
0.127119,-1.059322,10.198745
0.127119,-0.974576,10.180997
0.127119,-0.889831,10.163249
0.127119,-0.805085,10.145501
0.127119,-0.720339,10.127754
0.127119,-0.635593,10.110006
0.127119,-0.550847,10.092258
0.127119,-0.466102,10.074510
0.127119,-0.381356,10.056762
0.127119,-0.296610,10.039015
0.127119,-0.211864,10.021267
0.127119,-0.127119,10.004172
0.127119,-0.042373,10.001616
0.127119,0.042373,9.999060
0.127119,0.127119,9.999059
0.127119,0.211864,10.011839
0.127119,0.296610,10.024618
0.127119,0.381356,10.037397
0.127119,0.466102,10.050177
0.127119,0.550847,10.062956
0.127119,0.635593,10.075735
0.127119,0.720339,10.088514
0.127119,0.805085,10.101294
0.127119,0.889831,10.114073
0.127119,0.974576,10.126852
0.127119,1.059322,10.140634
0.127119,1.144068,10.180583
0.127119,1.228814,10.220532
0.127119,1.313559,10.260482
0.127119,1.398305,10.300431
0.127119,1.483051,10.340380
0.127119,1.567797,10.394968
0.127119,1.652542,10.453642
0.127119,1.737288,10.512316
0.127119,1.822034,10.570989
0.127119,1.906780,10.636364
0.127119,1.991525,10.705588
0.127119,2.076271,10.774813
0.127119,2.161017,10.844037
0.127119,2.245763,10.917750
0.127119,2.330508,10.991994
0.127119,2.415254,11.066238
0.127119,2.500000,11.140483
_Enter
_Polyline
0.211864,-2.500000,11.227135
0.211864,-2.415254,11.152411
0.211864,-2.330508,11.077686
0.211864,-2.245763,11.002962
0.211864,-2.161017,10.928257
0.211864,-2.076271,10.857887
0.211864,-1.991525,10.787517
0.211864,-1.906780,10.717146
0.211864,-1.822034,10.649959
0.211864,-1.737288,10.589022
0.211864,-1.652542,10.528084
0.211864,-1.567797,10.467146
0.211864,-1.483051,10.411103
0.211864,-1.398305,10.367397
0.211864,-1.313559,10.323691
0.211864,-1.228814,10.279985
0.211864,-1.144068,10.236279
0.211864,-1.059322,10.196209
0.211864,-0.974576,10.178462
0.211864,-0.889831,10.160714
0.211864,-0.805085,10.142966
0.211864,-0.720339,10.125218
0.211864,-0.635593,10.107470
0.211864,-0.550847,10.089723
0.211864,-0.466102,10.071975
0.211864,-0.381356,10.054227
0.211864,-0.296610,10.036479
0.211864,-0.211864,10.019507
0.211864,-0.127119,10.016951
0.211864,-0.042373,10.014395
0.211864,0.042373,10.011839
0.211864,0.127119,10.009284
0.211864,0.211864,10.009283
0.211864,0.296610,10.022062
0.211864,0.381356,10.034841
0.211864,0.466102,10.047621
0.211864,0.550847,10.060400
0.211864,0.635593,10.073179
0.211864,0.720339,10.085959
0.211864,0.805085,10.098738
0.211864,0.889831,10.111517
0.211864,0.974576,10.124297
0.211864,1.059322,10.138284
0.211864,1.144068,10.178233
0.211864,1.228814,10.218182
0.211864,1.313559,10.258132
0.211864,1.398305,10.298081
0.211864,1.483051,10.338030
0.211864,1.567797,10.392945
0.211864,1.652542,10.451619
0.211864,1.737288,10.510292
0.211864,1.822034,10.568966
0.211864,1.906780,10.634675
0.211864,1.991525,10.703900
0.211864,2.076271,10.773124
0.211864,2.161017,10.842349
0.211864,2.245763,10.916349
0.211864,2.330508,10.990593
0.211864,2.415254,11.064838
0.211864,2.500000,11.139082
_Enter
_Polyline
0.296610,-2.500000,11.225777
0.296610,-2.415254,11.151052
0.296610,-2.330508,11.076328
0.296610,-2.245763,11.001603
0.296610,-2.161017,10.926878
0.296610,-2.076271,10.856250
0.296610,-1.991525,10.785880
0.296610,-1.906780,10.715510
0.296610,-1.822034,10.647994
0.296610,-1.737288,10.587056
0.296610,-1.652542,10.526118
0.296610,-1.567797,10.465180
0.296610,-1.483051,10.408803
0.296610,-1.398305,10.365097
0.296610,-1.313559,10.321391
0.296610,-1.228814,10.277685
0.296610,-1.144068,10.233978
0.296610,-1.059322,10.193674
0.296610,-0.974576,10.175926
0.296610,-0.889831,10.158178
0.296610,-0.805085,10.140431
0.296610,-0.720339,10.122683
0.296610,-0.635593,10.104935
0.296610,-0.550847,10.087187
0.296610,-0.466102,10.069439
0.296610,-0.381356,10.051692
0.296610,-0.296610,10.034842
0.296610,-0.211864,10.032286
0.296610,-0.127119,10.029730
0.296610,-0.042373,10.027175
0.296610,0.042373,10.024619
0.296610,0.127119,10.022063
0.296610,0.211864,10.019507
0.296610,0.296610,10.019506
0.296610,0.381356,10.032285
0.296610,0.466102,10.045065
0.296610,0.550847,10.057844
0.296610,0.635593,10.070623
0.296610,0.720339,10.083403
0.296610,0.805085,10.096182
0.296610,0.889831,10.108961
0.296610,0.974576,10.121741
0.296610,1.059322,10.135934
0.296610,1.144068,10.175883
0.296610,1.228814,10.215832
0.296610,1.313559,10.255782
0.296610,1.398305,10.295731
0.296610,1.483051,10.335680
0.296610,1.567797,10.390922
0.296610,1.652542,10.449595
0.296610,1.737288,10.508269
0.296610,1.822034,10.566943
0.296610,1.906780,10.632987
0.296610,1.991525,10.702212
0.296610,2.076271,10.771436
0.296610,2.161017,10.840704
0.296610,2.245763,10.914948
0.296610,2.330508,10.989192
0.296610,2.415254,11.063437
0.296610,2.500000,11.137681
_Enter
_Polyline
0.381356,-2.500000,11.224418
0.381356,-2.415254,11.149694
0.381356,-2.330508,11.074969
0.381356,-2.245763,11.000244
0.381356,-2.161017,10.925520
0.381356,-2.076271,10.854614
0.381356,-1.991525,10.784244
0.381356,-1.906780,10.713873
0.381356,-1.822034,10.646028
0.381356,-1.737288,10.585090
0.381356,-1.652542,10.524152
0.381356,-1.567797,10.463214
0.381356,-1.483051,10.406503
0.381356,-1.398305,10.362796
0.381356,-1.313559,10.319090
0.381356,-1.228814,10.275384
0.381356,-1.144068,10.231678
0.381356,-1.059322,10.191139
0.381356,-0.974576,10.173391
0.381356,-0.889831,10.155643
0.381356,-0.805085,10.137895
0.381356,-0.720339,10.120147
0.381356,-0.635593,10.102400
0.381356,-0.550847,10.084652
0.381356,-0.466102,10.066904
0.381356,-0.381356,10.050177
0.381356,-0.296610,10.047621
0.381356,-0.211864,10.045066
0.381356,-0.127119,10.042510
0.381356,-0.042373,10.039954
0.381356,0.042373,10.037398
0.381356,0.127119,10.034842
0.381356,0.211864,10.032286
0.381356,0.296610,10.029730
0.381356,0.381356,10.029730
0.381356,0.466102,10.042509
0.381356,0.550847,10.055288
0.381356,0.635593,10.068068
0.381356,0.720339,10.080847
0.381356,0.805085,10.093626
0.381356,0.889831,10.106406
0.381356,0.974576,10.119185
0.381356,1.059322,10.133584
0.381356,1.144068,10.173533
0.381356,1.228814,10.213482
0.381356,1.313559,10.253432
0.381356,1.398305,10.293381
0.381356,1.483051,10.333330
0.381356,1.567797,10.388898
0.381356,1.652542,10.447572
0.381356,1.737288,10.506246
0.381356,1.822034,10.564920
0.381356,1.906780,10.631299
0.381356,1.991525,10.700523
0.381356,2.076271,10.769748
0.381356,2.161017,10.839303
0.381356,2.245763,10.913547
0.381356,2.330508,10.987792
0.381356,2.415254,11.062036
0.381356,2.500000,11.136280
_Enter
_Polyline
0.466102,-2.500000,11.223060
0.466102,-2.415254,11.148335
0.466102,-2.330508,11.073610
0.466102,-2.245763,10.998886
0.466102,-2.161017,10.924161
0.466102,-2.076271,10.852977
0.466102,-1.991525,10.782607
0.466102,-1.906780,10.712237
0.466102,-1.822034,10.644062
0.466102,-1.737288,10.583124
0.466102,-1.652542,10.522186
0.466102,-1.567797,10.461249
0.466102,-1.483051,10.404202
0.466102,-1.398305,10.360496
0.466102,-1.313559,10.316790
0.466102,-1.228814,10.273084
0.466102,-1.144068,10.229378
0.466102,-1.059322,10.188603
0.466102,-0.974576,10.170855
0.466102,-0.889831,10.153108
0.466102,-0.805085,10.135360
0.466102,-0.720339,10.117612
0.466102,-0.635593,10.099864
0.466102,-0.550847,10.082116
0.466102,-0.466102,10.065513
0.466102,-0.381356,10.062957
0.466102,-0.296610,10.060401
0.466102,-0.211864,10.057845
0.466102,-0.127119,10.055289
0.466102,-0.042373,10.052733
0.466102,0.042373,10.050177
0.466102,0.127119,10.047621
0.466102,0.211864,10.045066
0.466102,0.296610,10.042510
0.466102,0.381356,10.039954
0.466102,0.466102,10.039953
0.466102,0.550847,10.052732
0.466102,0.635593,10.065512
0.466102,0.720339,10.078291
0.466102,0.805085,10.091070
0.466102,0.889831,10.103850
0.466102,0.974576,10.116629
0.466102,1.059322,10.131234
0.466102,1.144068,10.171183
0.466102,1.228814,10.211132
0.466102,1.313559,10.251082
0.466102,1.398305,10.291031
0.466102,1.483051,10.330980
0.466102,1.567797,10.386875
0.466102,1.652542,10.445549
0.466102,1.737288,10.504223
0.466102,1.822034,10.562896
0.466102,1.906780,10.629610
0.466102,1.991525,10.698835
0.466102,2.076271,10.768059
0.466102,2.161017,10.837902
0.466102,2.245763,10.912147
0.466102,2.330508,10.986391
0.466102,2.415254,11.060635
0.466102,2.500000,11.134879
_Enter
_Polyline
0.550847,-2.500000,11.221701
0.550847,-2.415254,11.146976
0.550847,-2.330508,11.072252
0.550847,-2.245763,10.997527
0.550847,-2.161017,10.922802
0.550847,-2.076271,10.851341
0.550847,-1.991525,10.780970
0.550847,-1.906780,10.710600
0.550847,-1.822034,10.642096
0.550847,-1.737288,10.581159
0.550847,-1.652542,10.520221
0.550847,-1.567797,10.459283
0.550847,-1.483051,10.401902
0.550847,-1.398305,10.358196
0.550847,-1.313559,10.314490
0.550847,-1.228814,10.270784
0.550847,-1.144068,10.227077
0.550847,-1.059322,10.186068
0.550847,-0.974576,10.168320
0.550847,-0.889831,10.150572
0.550847,-0.805085,10.132824
0.550847,-0.720339,10.115077
0.550847,-0.635593,10.097329
0.550847,-0.550847,10.080848
0.550847,-0.466102,10.078292
0.550847,-0.381356,10.075736
0.550847,-0.296610,10.073180
0.550847,-0.211864,10.070624
0.550847,-0.127119,10.068068
0.550847,-0.042373,10.065513
0.550847,0.042373,10.062957
0.550847,0.127119,10.060401
0.550847,0.211864,10.057845
0.550847,0.296610,10.055289
0.550847,0.381356,10.052733
0.550847,0.466102,10.050177
0.550847,0.550847,10.050177
0.550847,0.635593,10.062956
0.550847,0.720339,10.075735
0.550847,0.805085,10.088514
0.550847,0.889831,10.101294
0.550847,0.974576,10.114073
0.550847,1.059322,10.128884
0.550847,1.144068,10.168833
0.550847,1.228814,10.208782
0.550847,1.313559,10.248732
0.550847,1.398305,10.288681
0.550847,1.483051,10.328630
0.550847,1.567797,10.384852
0.550847,1.652542,10.443526
0.550847,1.737288,10.502199
0.550847,1.822034,10.560873
0.550847,1.906780,10.627922
0.550847,1.991525,10.697146
0.550847,2.076271,10.766371
0.550847,2.161017,10.836502
0.550847,2.245763,10.910746
0.550847,2.330508,10.984990
0.550847,2.415254,11.059234
0.550847,2.500000,11.133478
_Enter
_Polyline
0.635593,-2.500000,11.220342
0.635593,-2.415254,11.145618
0.635593,-2.330508,11.070893
0.635593,-2.245763,10.996168
0.635593,-2.161017,10.921444
0.635593,-2.076271,10.849704
0.635593,-1.991525,10.779334
0.635593,-1.906780,10.708964
0.635593,-1.822034,10.640131
0.635593,-1.737288,10.579193
0.635593,-1.652542,10.518255
0.635593,-1.567797,10.457317
0.635593,-1.483051,10.399602
0.635593,-1.398305,10.355896
0.635593,-1.313559,10.312189
0.635593,-1.228814,10.268483
0.635593,-1.144068,10.224777
0.635593,-1.059322,10.183532
0.635593,-0.974576,10.165785
0.635593,-0.889831,10.148037
0.635593,-0.805085,10.130289
0.635593,-0.720339,10.112541
0.635593,-0.635593,10.096183
0.635593,-0.550847,10.093627
0.635593,-0.466102,10.091071
0.635593,-0.381356,10.088515
0.635593,-0.296610,10.085959
0.635593,-0.211864,10.083404
0.635593,-0.127119,10.080848
0.635593,-0.042373,10.078292
0.635593,0.042373,10.075736
0.635593,0.127119,10.073180
0.635593,0.211864,10.070624
0.635593,0.296610,10.068068
0.635593,0.381356,10.065513
0.635593,0.466102,10.062957
0.635593,0.550847,10.060401
0.635593,0.635593,10.060400
0.635593,0.720339,10.073179
0.635593,0.805085,10.085959
0.635593,0.889831,10.098738
0.635593,0.974576,10.111517
0.635593,1.059322,10.126534
0.635593,1.144068,10.166483
0.635593,1.228814,10.206432
0.635593,1.313559,10.246382
0.635593,1.398305,10.286331
0.635593,1.483051,10.326280
0.635593,1.567797,10.382829
0.635593,1.652542,10.441502
0.635593,1.737288,10.500176
0.635593,1.822034,10.558850
0.635593,1.906780,10.626233
0.635593,1.991525,10.695458
0.635593,2.076271,10.764682
0.635593,2.161017,10.835101
0.635593,2.245763,10.909345
0.635593,2.330508,10.983589
0.635593,2.415254,11.057833
0.635593,2.500000,11.132078
_Enter
_Polyline
0.720339,-2.500000,11.218984
0.720339,-2.415254,11.144259
0.720339,-2.330508,11.069534
0.720339,-2.245763,10.994810
0.720339,-2.161017,10.920085
0.720339,-2.076271,10.848068
0.720339,-1.991525,10.777697
0.720339,-1.906780,10.707327
0.720339,-1.822034,10.638165
0.720339,-1.737288,10.577227
0.720339,-1.652542,10.516289
0.720339,-1.567797,10.455351
0.720339,-1.483051,10.397301
0.720339,-1.398305,10.353595
0.720339,-1.313559,10.309889
0.720339,-1.228814,10.266183
0.720339,-1.144068,10.222477
0.720339,-1.059322,10.180997
0.720339,-0.974576,10.163249
0.720339,-0.889831,10.145501
0.720339,-0.805085,10.127754
0.720339,-0.720339,10.111518
0.720339,-0.635593,10.108962
0.720339,-0.550847,10.106406
0.720339,-0.466102,10.103851
0.720339,-0.381356,10.101295
0.720339,-0.296610,10.098739
0.720339,-0.211864,10.096183
0.720339,-0.127119,10.093627
0.720339,-0.042373,10.091071
0.720339,0.042373,10.088515
0.720339,0.127119,10.085959
0.720339,0.211864,10.083404
0.720339,0.296610,10.080848
0.720339,0.381356,10.078292
0.720339,0.466102,10.075736
0.720339,0.550847,10.073180
0.720339,0.635593,10.070624
0.720339,0.720339,10.070623
0.720339,0.805085,10.083403
0.720339,0.889831,10.096182
0.720339,0.974576,10.108961
0.720339,1.059322,10.124184
0.720339,1.144068,10.164133
0.720339,1.228814,10.204082
0.720339,1.313559,10.244032
0.720339,1.398305,10.283981
0.720339,1.483051,10.323930
0.720339,1.567797,10.380805
0.720339,1.652542,10.439479
0.720339,1.737288,10.498153
0.720339,1.822034,10.556827
0.720339,1.906780,10.624545
0.720339,1.991525,10.693770
0.720339,2.076271,10.762994
0.720339,2.161017,10.833700
0.720339,2.245763,10.907944
0.720339,2.330508,10.982188
0.720339,2.415254,11.056433
0.720339,2.500000,11.130677
_Enter
_Polyline
0.805085,-2.500000,11.217625
0.805085,-2.415254,11.142900
0.805085,-2.330508,11.068176
0.805085,-2.245763,10.993451
0.805085,-2.161017,10.918727
0.805085,-2.076271,10.846431
0.805085,-1.991525,10.776061
0.805085,-1.906780,10.705691
0.805085,-1.822034,10.636199
0.805085,-1.737288,10.575261
0.805085,-1.652542,10.514323
0.805085,-1.567797,10.453386
0.805085,-1.483051,10.395001
0.805085,-1.398305,10.351295
0.805085,-1.313559,10.307589
0.805085,-1.228814,10.263883
0.805085,-1.144068,10.220177
0.805085,-1.059322,10.178462
0.805085,-0.974576,10.160714
0.805085,-0.889831,10.142966
0.805085,-0.805085,10.126853
0.805085,-0.720339,10.124297
0.805085,-0.635593,10.121742
0.805085,-0.550847,10.119186
0.805085,-0.466102,10.116630
0.805085,-0.381356,10.114074
0.805085,-0.296610,10.111518
0.805085,-0.211864,10.108962
0.805085,-0.127119,10.106406
0.805085,-0.042373,10.103851
0.805085,0.042373,10.101295
0.805085,0.127119,10.098739
0.805085,0.211864,10.096183
0.805085,0.296610,10.093627
0.805085,0.381356,10.091071
0.805085,0.466102,10.088515
0.805085,0.550847,10.085959
0.805085,0.635593,10.083404
0.805085,0.720339,10.080848
0.805085,0.805085,10.080847
0.805085,0.889831,10.093626
0.805085,0.974576,10.106406
0.805085,1.059322,10.121834
0.805085,1.144068,10.161783
0.805085,1.228814,10.201732
0.805085,1.313559,10.241682
0.805085,1.398305,10.281631
0.805085,1.483051,10.321580
0.805085,1.567797,10.378782
0.805085,1.652542,10.437456
0.805085,1.737288,10.496130
0.805085,1.822034,10.554804
0.805085,1.906780,10.622857
0.805085,1.991525,10.692081
0.805085,2.076271,10.761306
0.805085,2.161017,10.832299
0.805085,2.245763,10.906543
0.805085,2.330508,10.980787
0.805085,2.415254,11.055032
0.805085,2.500000,11.129276
_Enter
_Polyline
0.889831,-2.500000,11.216266
0.889831,-2.415254,11.141542
0.889831,-2.330508,11.066817
0.889831,-2.245763,10.992093
0.889831,-2.161017,10.917368
0.889831,-2.076271,10.844795
0.889831,-1.991525,10.774424
0.889831,-1.906780,10.704054
0.889831,-1.822034,10.634234
0.889831,-1.737288,10.573296
0.889831,-1.652542,10.512358
0.889831,-1.567797,10.451420
0.889831,-1.483051,10.392701
0.889831,-1.398305,10.348995
0.889831,-1.313559,10.305288
0.889831,-1.228814,10.261582
0.889831,-1.144068,10.217876
0.889831,-1.059322,10.175926
0.889831,-0.974576,10.158178
0.889831,-0.889831,10.142188
0.889831,-0.805085,10.139633
0.889831,-0.720339,10.137077
0.889831,-0.635593,10.134521
0.889831,-0.550847,10.131965
0.889831,-0.466102,10.129409
0.889831,-0.381356,10.126853
0.889831,-0.296610,10.124297
0.889831,-0.211864,10.121742
0.889831,-0.127119,10.119186
0.889831,-0.042373,10.116630
0.889831,0.042373,10.114074
0.889831,0.127119,10.111518
0.889831,0.211864,10.108962
0.889831,0.296610,10.106406
0.889831,0.381356,10.103851
0.889831,0.466102,10.101295
0.889831,0.550847,10.098739
0.889831,0.635593,10.096183
0.889831,0.720339,10.093627
0.889831,0.805085,10.091071
0.889831,0.889831,10.091070
0.889831,0.974576,10.103850
0.889831,1.059322,10.119484
0.889831,1.144068,10.159433
0.889831,1.228814,10.199383
0.889831,1.313559,10.239332
0.889831,1.398305,10.279281
0.889831,1.483051,10.319231
0.889831,1.567797,10.376759
0.889831,1.652542,10.435433
0.889831,1.737288,10.494107
0.889831,1.822034,10.552780
0.889831,1.906780,10.621168
0.889831,1.991525,10.690393
0.889831,2.076271,10.759617
0.889831,2.161017,10.830898
0.889831,2.245763,10.905142
0.889831,2.330508,10.979387
0.889831,2.415254,11.053631
0.889831,2.500000,11.127875
_Enter
_Polyline
0.974576,-2.500000,11.214908
0.974576,-2.415254,11.140183
0.974576,-2.330508,11.065459
0.974576,-2.245763,10.990734
0.974576,-2.161017,10.916009
0.974576,-2.076271,10.843158
0.974576,-1.991525,10.772788
0.974576,-1.906780,10.702418
0.974576,-1.822034,10.632268
0.974576,-1.737288,10.571330
0.974576,-1.652542,10.510392
0.974576,-1.567797,10.449454
0.974576,-1.483051,10.390400
0.974576,-1.398305,10.346694
0.974576,-1.313559,10.302988
0.974576,-1.228814,10.259282
0.974576,-1.144068,10.215576
0.974576,-1.059322,10.173391
0.974576,-0.974576,10.157524
0.974576,-0.889831,10.154968
0.974576,-0.805085,10.152412
0.974576,-0.720339,10.149856
0.974576,-0.635593,10.147300
0.974576,-0.550847,10.144744
0.974576,-0.466102,10.142188
0.974576,-0.381356,10.139633
0.974576,-0.296610,10.137077
0.974576,-0.211864,10.134521
0.974576,-0.127119,10.131965
0.974576,-0.042373,10.129409
0.974576,0.042373,10.126853
0.974576,0.127119,10.124297
0.974576,0.211864,10.121742
0.974576,0.296610,10.119186
0.974576,0.381356,10.116630
0.974576,0.466102,10.114074
0.974576,0.550847,10.111518
0.974576,0.635593,10.108962
0.974576,0.720339,10.106406
0.974576,0.805085,10.103851
0.974576,0.889831,10.101295
0.974576,0.974576,10.101294
0.974576,1.059322,10.117134
0.974576,1.144068,10.157083
0.974576,1.228814,10.197033
0.974576,1.313559,10.236982
0.974576,1.398305,10.276931
0.974576,1.483051,10.316881
0.974576,1.567797,10.374736
0.974576,1.652542,10.433409
0.974576,1.737288,10.492083
0.974576,1.822034,10.550757
0.974576,1.906780,10.619480
0.974576,1.991525,10.688704
0.974576,2.076271,10.757929
0.974576,2.161017,10.829497
0.974576,2.245763,10.903742
0.974576,2.330508,10.977986
0.974576,2.415254,11.052230
0.974576,2.500000,11.126474
_Enter
_Polyline
1.059322,-2.500000,11.213549
1.059322,-2.415254,11.138825
1.059322,-2.330508,11.064100
1.059322,-2.245763,10.989375
1.059322,-2.161017,10.914651
1.059322,-2.076271,10.841522
1.059322,-1.991525,10.771151
1.059322,-1.906780,10.700781
1.059322,-1.822034,10.630411
1.059322,-1.737288,10.569364
1.059322,-1.652542,10.508426
1.059322,-1.567797,10.447488
1.059322,-1.483051,10.388100
1.059322,-1.398305,10.344394
1.059322,-1.313559,10.300688
1.059322,-1.228814,10.256982
1.059322,-1.144068,10.213276
1.059322,-1.059322,10.172859
1.059322,-0.974576,10.170303
1.059322,-0.889831,10.167747
1.059322,-0.805085,10.165191
1.059322,-0.720339,10.162635
1.059322,-0.635593,10.160080
1.059322,-0.550847,10.157524
1.059322,-0.466102,10.154968
1.059322,-0.381356,10.152412
1.059322,-0.296610,10.149856
1.059322,-0.211864,10.147300
1.059322,-0.127119,10.144744
1.059322,-0.042373,10.142188
1.059322,0.042373,10.139633
1.059322,0.127119,10.137077
1.059322,0.211864,10.134521
1.059322,0.296610,10.131965
1.059322,0.381356,10.129409
1.059322,0.466102,10.126853
1.059322,0.550847,10.124297
1.059322,0.635593,10.121742
1.059322,0.720339,10.119186
1.059322,0.805085,10.116630
1.059322,0.889831,10.114074
1.059322,0.974576,10.111518
1.059322,1.059322,10.114784
1.059322,1.144068,10.154733
1.059322,1.228814,10.194683
1.059322,1.313559,10.234632
1.059322,1.398305,10.274581
1.059322,1.483051,10.314531
1.059322,1.567797,10.372712
1.059322,1.652542,10.431386
1.059322,1.737288,10.490060
1.059322,1.822034,10.548734
1.059322,1.906780,10.617791
1.059322,1.991525,10.687016
1.059322,2.076271,10.756240
1.059322,2.161017,10.828097
1.059322,2.245763,10.902341
1.059322,2.330508,10.976585
1.059322,2.415254,11.050829
1.059322,2.500000,11.125073
_Enter
_Polyline
1.144068,-2.500000,11.212191
1.144068,-2.415254,11.137466
1.144068,-2.330508,11.062741
1.144068,-2.245763,10.988017
1.144068,-2.161017,10.913292
1.144068,-2.076271,10.839885
1.144068,-1.991525,10.769515
1.144068,-1.906780,10.699145
1.144068,-1.822034,10.628775
1.144068,-1.737288,10.567398
1.144068,-1.652542,10.506461
1.144068,-1.567797,10.445523
1.144068,-1.483051,10.385800
1.144068,-1.398305,10.342094
1.144068,-1.313559,10.298387
1.144068,-1.228814,10.254681
1.144068,-1.144068,10.210975
1.144068,-1.059322,10.207669
1.144068,-0.974576,10.205319
1.144068,-0.889831,10.202969
1.144068,-0.805085,10.200619
1.144068,-0.720339,10.198269
1.144068,-0.635593,10.195919
1.144068,-0.550847,10.193569
1.144068,-0.466102,10.191219
1.144068,-0.381356,10.188869
1.144068,-0.296610,10.186519
1.144068,-0.211864,10.184169
1.144068,-0.127119,10.181819
1.144068,-0.042373,10.179469
1.144068,0.042373,10.177119
1.144068,0.127119,10.174769
1.144068,0.211864,10.172419
1.144068,0.296610,10.170069
1.144068,0.381356,10.167719
1.144068,0.466102,10.165369
1.144068,0.550847,10.163020
1.144068,0.635593,10.160670
1.144068,0.720339,10.158320
1.144068,0.805085,10.155970
1.144068,0.889831,10.153620
1.144068,0.974576,10.151270
1.144068,1.059322,10.148920
1.144068,1.144068,10.152383
1.144068,1.228814,10.192333
1.144068,1.313559,10.232282
1.144068,1.398305,10.272231
1.144068,1.483051,10.312181
1.144068,1.567797,10.370689
1.144068,1.652542,10.429363
1.144068,1.737288,10.488037
1.144068,1.822034,10.546878
1.144068,1.906780,10.616103
1.144068,1.991525,10.685327
1.144068,2.076271,10.754552
1.144068,2.161017,10.826696
1.144068,2.245763,10.900940
1.144068,2.330508,10.975184
1.144068,2.415254,11.049428
1.144068,2.500000,11.123673
_Enter
_Polyline
1.228814,-2.500000,11.210832
1.228814,-2.415254,11.136107
1.228814,-2.330508,11.061383
1.228814,-2.245763,10.986658
1.228814,-2.161017,10.911933
1.228814,-2.076271,10.838249
1.228814,-1.991525,10.767878
1.228814,-1.906780,10.697508
1.228814,-1.822034,10.627138
1.228814,-1.737288,10.565433
1.228814,-1.652542,10.504495
1.228814,-1.567797,10.443557
1.228814,-1.483051,10.383499
1.228814,-1.398305,10.339793
1.228814,-1.313559,10.296087
1.228814,-1.228814,10.252381
1.228814,-1.144068,10.249968
1.228814,-1.059322,10.247618
1.228814,-0.974576,10.245268
1.228814,-0.889831,10.242918
1.228814,-0.805085,10.240568
1.228814,-0.720339,10.238218
1.228814,-0.635593,10.235868
1.228814,-0.550847,10.233518
1.228814,-0.466102,10.231168
1.228814,-0.381356,10.228818
1.228814,-0.296610,10.226468
1.228814,-0.211864,10.224118
1.228814,-0.127119,10.221769
1.228814,-0.042373,10.219419
1.228814,0.042373,10.217069
1.228814,0.127119,10.214719
1.228814,0.211864,10.212369
1.228814,0.296610,10.210019
1.228814,0.381356,10.207669
1.228814,0.466102,10.205319
1.228814,0.550847,10.202969
1.228814,0.635593,10.200619
1.228814,0.720339,10.198269
1.228814,0.805085,10.195919
1.228814,0.889831,10.193569
1.228814,0.974576,10.191219
1.228814,1.059322,10.188869
1.228814,1.144068,10.186519
1.228814,1.228814,10.189983
1.228814,1.313559,10.229932
1.228814,1.398305,10.269881
1.228814,1.483051,10.309992
1.228814,1.567797,10.368666
1.228814,1.652542,10.427340
1.228814,1.737288,10.486014
1.228814,1.822034,10.545190
1.228814,1.906780,10.614415
1.228814,1.991525,10.683639
1.228814,2.076271,10.752864
1.228814,2.161017,10.825295
1.228814,2.245763,10.899539
1.228814,2.330508,10.973783
1.228814,2.415254,11.048028
1.228814,2.500000,11.122272
_Enter
_Polyline
1.313559,-2.500000,11.209473
1.313559,-2.415254,11.134749
1.313559,-2.330508,11.060024
1.313559,-2.245763,10.985299
1.313559,-2.161017,10.910575
1.313559,-2.076271,10.836612
1.313559,-1.991525,10.766242
1.313559,-1.906780,10.695872
1.313559,-1.822034,10.625502
1.313559,-1.737288,10.563467
1.313559,-1.652542,10.502529
1.313559,-1.567797,10.441591
1.313559,-1.483051,10.381199
1.313559,-1.398305,10.337493
1.313559,-1.313559,10.294617
1.313559,-1.228814,10.292267
1.313559,-1.144068,10.289917
1.313559,-1.059322,10.287567
1.313559,-0.974576,10.285217
1.313559,-0.889831,10.282868
1.313559,-0.805085,10.280518
1.313559,-0.720339,10.278168
1.313559,-0.635593,10.275818
1.313559,-0.550847,10.273468
1.313559,-0.466102,10.271118
1.313559,-0.381356,10.268768
1.313559,-0.296610,10.266418
1.313559,-0.211864,10.264068
1.313559,-0.127119,10.261718
1.313559,-0.042373,10.259368
1.313559,0.042373,10.257018
1.313559,0.127119,10.254668
1.313559,0.211864,10.252318
1.313559,0.296610,10.249968
1.313559,0.381356,10.247618
1.313559,0.466102,10.245268
1.313559,0.550847,10.242918
1.313559,0.635593,10.240568
1.313559,0.720339,10.238218
1.313559,0.805085,10.235868
1.313559,0.889831,10.233518
1.313559,0.974576,10.231168
1.313559,1.059322,10.228818
1.313559,1.144068,10.226468
1.313559,1.228814,10.224118
1.313559,1.313559,10.227582
1.313559,1.398305,10.267531
1.313559,1.483051,10.307969
1.313559,1.567797,10.366643
1.313559,1.652542,10.425317
1.313559,1.737288,10.483990
1.313559,1.822034,10.543502
1.313559,1.906780,10.612726
1.313559,1.991525,10.681951
1.313559,2.076271,10.751175
1.313559,2.161017,10.823894
1.313559,2.245763,10.898138
1.313559,2.330508,10.972382
1.313559,2.415254,11.046627
1.313559,2.500000,11.120871
_Enter
_Polyline
1.398305,-2.500000,11.208115
1.398305,-2.415254,11.133390
1.398305,-2.330508,11.058665
1.398305,-2.245763,10.983941
1.398305,-2.161017,10.909216
1.398305,-2.076271,10.834976
1.398305,-1.991525,10.764605
1.398305,-1.906780,10.694235
1.398305,-1.822034,10.623865
1.398305,-1.737288,10.561501
1.398305,-1.652542,10.500563
1.398305,-1.567797,10.439625
1.398305,-1.483051,10.378899
1.398305,-1.398305,10.336917
1.398305,-1.313559,10.334567
1.398305,-1.228814,10.332217
1.398305,-1.144068,10.329867
1.398305,-1.059322,10.327517
1.398305,-0.974576,10.325167
1.398305,-0.889831,10.322817
1.398305,-0.805085,10.320467
1.398305,-0.720339,10.318117
1.398305,-0.635593,10.315767
1.398305,-0.550847,10.313417
1.398305,-0.466102,10.311067
1.398305,-0.381356,10.308717
1.398305,-0.296610,10.306367
1.398305,-0.211864,10.304017
1.398305,-0.127119,10.301667
1.398305,-0.042373,10.299317
1.398305,0.042373,10.296967
1.398305,0.127119,10.294617
1.398305,0.211864,10.292267
1.398305,0.296610,10.289917
1.398305,0.381356,10.287567
1.398305,0.466102,10.285217
1.398305,0.550847,10.282868
1.398305,0.635593,10.280518
1.398305,0.720339,10.278168
1.398305,0.805085,10.275818
1.398305,0.889831,10.273468
1.398305,0.974576,10.271118
1.398305,1.059322,10.268768
1.398305,1.144068,10.266418
1.398305,1.228814,10.264068
1.398305,1.313559,10.261718
1.398305,1.398305,10.265181
1.398305,1.483051,10.305946
1.398305,1.567797,10.364620
1.398305,1.652542,10.423293
1.398305,1.737288,10.481967
1.398305,1.822034,10.541813
1.398305,1.906780,10.611038
1.398305,1.991525,10.680262
1.398305,2.076271,10.749487
1.398305,2.161017,10.822493
1.398305,2.245763,10.896737
1.398305,2.330508,10.970982
1.398305,2.415254,11.045226
1.398305,2.500000,11.119470
_Enter
_Polyline
1.483051,-2.500000,11.206756
1.483051,-2.415254,11.132031
1.483051,-2.330508,11.057307
1.483051,-2.245763,10.982582
1.483051,-2.161017,10.907857
1.483051,-2.076271,10.833339
1.483051,-1.991525,10.762969
1.483051,-1.906780,10.692599
1.483051,-1.822034,10.622228
1.483051,-1.737288,10.559535
1.483051,-1.652542,10.498598
1.483051,-1.567797,10.437660
1.483051,-1.483051,10.379216
1.483051,-1.398305,10.376866
1.483051,-1.313559,10.374516
1.483051,-1.228814,10.372166
1.483051,-1.144068,10.369816
1.483051,-1.059322,10.367466
1.483051,-0.974576,10.365116
1.483051,-0.889831,10.362766
1.483051,-0.805085,10.360416
1.483051,-0.720339,10.358066
1.483051,-0.635593,10.355716
1.483051,-0.550847,10.353366
1.483051,-0.466102,10.351016
1.483051,-0.381356,10.348666
1.483051,-0.296610,10.346316
1.483051,-0.211864,10.343966
1.483051,-0.127119,10.341617
1.483051,-0.042373,10.339267
1.483051,0.042373,10.336917
1.483051,0.127119,10.334567
1.483051,0.211864,10.332217
1.483051,0.296610,10.329867
1.483051,0.381356,10.327517
1.483051,0.466102,10.325167
1.483051,0.550847,10.322817
1.483051,0.635593,10.320467
1.483051,0.720339,10.318117
1.483051,0.805085,10.315767
1.483051,0.889831,10.313417
1.483051,0.974576,10.311067
1.483051,1.059322,10.308717
1.483051,1.144068,10.306367
1.483051,1.228814,10.304017
1.483051,1.313559,10.301667
1.483051,1.398305,10.299317
1.483051,1.483051,10.303923
1.483051,1.567797,10.362596
1.483051,1.652542,10.421270
1.483051,1.737288,10.479944
1.483051,1.822034,10.540125
1.483051,1.906780,10.609349
1.483051,1.991525,10.678574
1.483051,2.076271,10.747798
1.483051,2.161017,10.821092
1.483051,2.245763,10.895337
1.483051,2.330508,10.969581
1.483051,2.415254,11.043825
1.483051,2.500000,11.118069
_Enter
_Polyline
1.567797,-2.500000,11.205397
1.567797,-2.415254,11.130673
1.567797,-2.330508,11.055948
1.567797,-2.245763,10.981223
1.567797,-2.161017,10.906499
1.567797,-2.076271,10.831774
1.567797,-1.991525,10.761332
1.567797,-1.906780,10.690962
1.567797,-1.822034,10.620592
1.567797,-1.737288,10.557570
1.567797,-1.652542,10.496632
1.567797,-1.567797,10.435694
1.567797,-1.483051,10.426194
1.567797,-1.398305,10.424171
1.567797,-1.313559,10.422147
1.567797,-1.228814,10.420124
1.567797,-1.144068,10.418101
1.567797,-1.059322,10.416078
1.567797,-0.974576,10.414054
1.567797,-0.889831,10.412031
1.567797,-0.805085,10.410008
1.567797,-0.720339,10.407985
1.567797,-0.635593,10.405962
1.567797,-0.550847,10.403938
1.567797,-0.466102,10.401915
1.567797,-0.381356,10.399892
1.567797,-0.296610,10.397869
1.567797,-0.211864,10.395845
1.567797,-0.127119,10.393822
1.567797,-0.042373,10.391799
1.567797,0.042373,10.389776
1.567797,0.127119,10.387752
1.567797,0.211864,10.385729
1.567797,0.296610,10.383706
1.567797,0.381356,10.381683
1.567797,0.466102,10.379659
1.567797,0.550847,10.377636
1.567797,0.635593,10.375613
1.567797,0.720339,10.373590
1.567797,0.805085,10.371567
1.567797,0.889831,10.369543
1.567797,0.974576,10.367520
1.567797,1.059322,10.365497
1.567797,1.144068,10.363474
1.567797,1.228814,10.361450
1.567797,1.313559,10.359427
1.567797,1.398305,10.357404
1.567797,1.483051,10.355381
1.567797,1.567797,10.360573
1.567797,1.652542,10.419247
1.567797,1.737288,10.477921
1.567797,1.822034,10.538436
1.567797,1.906780,10.607661
1.567797,1.991525,10.676885
1.567797,2.076271,10.746110
1.567797,2.161017,10.819692
1.567797,2.245763,10.893936
1.567797,2.330508,10.968180
1.567797,2.415254,11.042424
1.567797,2.500000,11.116668
_Enter
_Polyline
1.652542,-2.500000,11.204039
1.652542,-2.415254,11.129314
1.652542,-2.330508,11.054589
1.652542,-2.245763,10.979865
1.652542,-2.161017,10.905140
1.652542,-2.076271,10.830416
1.652542,-1.991525,10.759696
1.652542,-1.906780,10.689326
1.652542,-1.822034,10.618955
1.652542,-1.737288,10.555604
1.652542,-1.652542,10.494666
1.652542,-1.567797,10.486891
1.652542,-1.483051,10.484868
1.652542,-1.398305,10.482844
1.652542,-1.313559,10.480821
1.652542,-1.228814,10.478798
1.652542,-1.144068,10.476775
1.652542,-1.059322,10.474751
1.652542,-0.974576,10.472728
1.652542,-0.889831,10.470705
1.652542,-0.805085,10.468682
1.652542,-0.720339,10.466659
1.652542,-0.635593,10.464635
1.652542,-0.550847,10.462612
1.652542,-0.466102,10.460589
1.652542,-0.381356,10.458566
1.652542,-0.296610,10.456542
1.652542,-0.211864,10.454519
1.652542,-0.127119,10.452496
1.652542,-0.042373,10.450473
1.652542,0.042373,10.448449
1.652542,0.127119,10.446426
1.652542,0.211864,10.444403
1.652542,0.296610,10.442380
1.652542,0.381356,10.440357
1.652542,0.466102,10.438333
1.652542,0.550847,10.436310
1.652542,0.635593,10.434287
1.652542,0.720339,10.432264
1.652542,0.805085,10.430240
1.652542,0.889831,10.428217
1.652542,0.974576,10.426194
1.652542,1.059322,10.424171
1.652542,1.144068,10.422147
1.652542,1.228814,10.420124
1.652542,1.313559,10.418101
1.652542,1.398305,10.416078
1.652542,1.483051,10.414054
1.652542,1.567797,10.412031
1.652542,1.652542,10.417224
1.652542,1.737288,10.475897
1.652542,1.822034,10.536748
1.652542,1.906780,10.605973
1.652542,1.991525,10.675197
1.652542,2.076271,10.744422
1.652542,2.161017,10.818291
1.652542,2.245763,10.892535
1.652542,2.330508,10.966779
1.652542,2.415254,11.041023
1.652542,2.500000,11.115268
_Enter
_Polyline
1.737288,-2.500000,11.202680
1.737288,-2.415254,11.127955
1.737288,-2.330508,11.053231
1.737288,-2.245763,10.978506
1.737288,-2.161017,10.903782
1.737288,-2.076271,10.829057
1.737288,-1.991525,10.758059
1.737288,-1.906780,10.687689
1.737288,-1.822034,10.617319
1.737288,-1.737288,10.553638
1.737288,-1.652542,10.547588
1.737288,-1.567797,10.545565
1.737288,-1.483051,10.543541
1.737288,-1.398305,10.541518
1.737288,-1.313559,10.539495
1.737288,-1.228814,10.537472
1.737288,-1.144068,10.535449
1.737288,-1.059322,10.533425
1.737288,-0.974576,10.531402
1.737288,-0.889831,10.529379
1.737288,-0.805085,10.527356
1.737288,-0.720339,10.525332
1.737288,-0.635593,10.523309
1.737288,-0.550847,10.521286
1.737288,-0.466102,10.519263
1.737288,-0.381356,10.517239
1.737288,-0.296610,10.515216
1.737288,-0.211864,10.513193
1.737288,-0.127119,10.511170
1.737288,-0.042373,10.509146
1.737288,0.042373,10.507123
1.737288,0.127119,10.505100
1.737288,0.211864,10.503077
1.737288,0.296610,10.501054
1.737288,0.381356,10.499030
1.737288,0.466102,10.497007
1.737288,0.550847,10.494984
1.737288,0.635593,10.492961
1.737288,0.720339,10.490937
1.737288,0.805085,10.488914
1.737288,0.889831,10.486891
1.737288,0.974576,10.484868
1.737288,1.059322,10.482844
1.737288,1.144068,10.480821
1.737288,1.228814,10.478798
1.737288,1.313559,10.476775
1.737288,1.398305,10.474751
1.737288,1.483051,10.472728
1.737288,1.567797,10.470705
1.737288,1.652542,10.468682
1.737288,1.737288,10.473874
1.737288,1.822034,10.535060
1.737288,1.906780,10.604284
1.737288,1.991525,10.673509
1.737288,2.076271,10.742733
1.737288,2.161017,10.816890
1.737288,2.245763,10.891134
1.737288,2.330508,10.965378
1.737288,2.415254,11.039623
1.737288,2.500000,11.113867
_Enter
_Polyline
1.822034,-2.500000,11.201321
1.822034,-2.415254,11.126597
1.822034,-2.330508,11.051872
1.822034,-2.245763,10.977148
1.822034,-2.161017,10.902423
1.822034,-2.076271,10.827698
1.822034,-1.991525,10.756423
1.822034,-1.906780,10.686053
1.822034,-1.822034,10.615682
1.822034,-1.737288,10.608285
1.822034,-1.652542,10.606262
1.822034,-1.567797,10.604238
1.822034,-1.483051,10.602215
1.822034,-1.398305,10.600192
1.822034,-1.313559,10.598169
1.822034,-1.228814,10.596146
1.822034,-1.144068,10.594122
1.822034,-1.059322,10.592099
1.822034,-0.974576,10.590076
1.822034,-0.889831,10.588053
1.822034,-0.805085,10.586029
1.822034,-0.720339,10.584006
1.822034,-0.635593,10.581983
1.822034,-0.550847,10.579960
1.822034,-0.466102,10.577936
1.822034,-0.381356,10.575913
1.822034,-0.296610,10.573890
1.822034,-0.211864,10.571867
1.822034,-0.127119,10.569843
1.822034,-0.042373,10.567820
1.822034,0.042373,10.565797
1.822034,0.127119,10.563774
1.822034,0.211864,10.561751
1.822034,0.296610,10.559727
1.822034,0.381356,10.557704
1.822034,0.466102,10.555681
1.822034,0.550847,10.553658
1.822034,0.635593,10.551634
1.822034,0.720339,10.549611
1.822034,0.805085,10.547588
1.822034,0.889831,10.545565
1.822034,0.974576,10.543541
1.822034,1.059322,10.541518
1.822034,1.144068,10.539495
1.822034,1.228814,10.537546
1.822034,1.313559,10.535858
1.822034,1.398305,10.534169
1.822034,1.483051,10.532481
1.822034,1.567797,10.530792
1.822034,1.652542,10.529104
1.822034,1.737288,10.527416
1.822034,1.822034,10.533371
1.822034,1.906780,10.602596
1.822034,1.991525,10.671820
1.822034,2.076271,10.741245
1.822034,2.161017,10.815489
1.822034,2.245763,10.889733
1.822034,2.330508,10.963977
1.822034,2.415254,11.038222
1.822034,2.500000,11.112466
_Enter
_Polyline
1.906780,-2.500000,11.199963
1.906780,-2.415254,11.125238
1.906780,-2.330508,11.050514
1.906780,-2.245763,10.975789
1.906780,-2.161017,10.901064
1.906780,-2.076271,10.826340
1.906780,-1.991525,10.754786
1.906780,-1.906780,10.684416
1.906780,-1.822034,10.668982
1.906780,-1.737288,10.666959
1.906780,-1.652542,10.664935
1.906780,-1.567797,10.662912
1.906780,-1.483051,10.660889
1.906780,-1.398305,10.659111
1.906780,-1.313559,10.657423
1.906780,-1.228814,10.655734
1.906780,-1.144068,10.654046
1.906780,-1.059322,10.652357
1.906780,-0.974576,10.650669
1.906780,-0.889831,10.648981
1.906780,-0.805085,10.647292
1.906780,-0.720339,10.645604
1.906780,-0.635593,10.643915
1.906780,-0.550847,10.642227
1.906780,-0.466102,10.640539
1.906780,-0.381356,10.638850
1.906780,-0.296610,10.637162
1.906780,-0.211864,10.635473
1.906780,-0.127119,10.633785
1.906780,-0.042373,10.632097
1.906780,0.042373,10.630408
1.906780,0.127119,10.628720
1.906780,0.211864,10.627031
1.906780,0.296610,10.625343
1.906780,0.381356,10.623655
1.906780,0.466102,10.621966
1.906780,0.550847,10.620278
1.906780,0.635593,10.618589
1.906780,0.720339,10.616901
1.906780,0.805085,10.615213
1.906780,0.889831,10.613524
1.906780,0.974576,10.611836
1.906780,1.059322,10.610147
1.906780,1.144068,10.608459
1.906780,1.228814,10.606770
1.906780,1.313559,10.605082
1.906780,1.398305,10.603394
1.906780,1.483051,10.601705
1.906780,1.567797,10.600017
1.906780,1.652542,10.598328
1.906780,1.737288,10.596640
1.906780,1.822034,10.594952
1.906780,1.906780,10.600907
1.906780,1.991525,10.670132
1.906780,2.076271,10.739844
1.906780,2.161017,10.814088
1.906780,2.245763,10.888332
1.906780,2.330508,10.962577
1.906780,2.415254,11.036821
1.906780,2.500000,11.111065
_Enter
_Polyline
1.991525,-2.500000,11.198604
1.991525,-2.415254,11.123880
1.991525,-2.330508,11.049155
1.991525,-2.245763,10.974430
1.991525,-2.161017,10.899706
1.991525,-2.076271,10.824981
1.991525,-1.991525,10.753150
1.991525,-1.906780,10.738466
1.991525,-1.822034,10.736778
1.991525,-1.737288,10.735089
1.991525,-1.652542,10.733401
1.991525,-1.567797,10.731712
1.991525,-1.483051,10.730024
1.991525,-1.398305,10.728336
1.991525,-1.313559,10.726647
1.991525,-1.228814,10.724959
1.991525,-1.144068,10.723270
1.991525,-1.059322,10.721582
1.991525,-0.974576,10.719894
1.991525,-0.889831,10.718205
1.991525,-0.805085,10.716517
1.991525,-0.720339,10.714828
1.991525,-0.635593,10.713140
1.991525,-0.550847,10.711451
1.991525,-0.466102,10.709763
1.991525,-0.381356,10.708075
1.991525,-0.296610,10.706386
1.991525,-0.211864,10.704698
1.991525,-0.127119,10.703009
1.991525,-0.042373,10.701321
1.991525,0.042373,10.699633
1.991525,0.127119,10.697944
1.991525,0.211864,10.696256
1.991525,0.296610,10.694567
1.991525,0.381356,10.692879
1.991525,0.466102,10.691191
1.991525,0.550847,10.689502
1.991525,0.635593,10.687814
1.991525,0.720339,10.686125
1.991525,0.805085,10.684437
1.991525,0.889831,10.682749
1.991525,0.974576,10.681060
1.991525,1.059322,10.679372
1.991525,1.144068,10.677683
1.991525,1.228814,10.675995
1.991525,1.313559,10.674307
1.991525,1.398305,10.672618
1.991525,1.483051,10.670930
1.991525,1.567797,10.669241
1.991525,1.652542,10.667553
1.991525,1.737288,10.665865
1.991525,1.822034,10.664176
1.991525,1.906780,10.662488
1.991525,1.991525,10.668443
1.991525,2.076271,10.738443
1.991525,2.161017,10.812687
1.991525,2.245763,10.886932
1.991525,2.330508,10.961176
1.991525,2.415254,11.035420
1.991525,2.500000,11.109664
_Enter
_Polyline
2.076271,-2.500000,11.197246
2.076271,-2.415254,11.122521
2.076271,-2.330508,11.047796
2.076271,-2.245763,10.973072
2.076271,-2.161017,10.898347
2.076271,-2.076271,10.823622
2.076271,-1.991525,10.809379
2.076271,-1.906780,10.807690
2.076271,-1.822034,10.806002
2.076271,-1.737288,10.804314
2.076271,-1.652542,10.802625
2.076271,-1.567797,10.800937
2.076271,-1.483051,10.799248
2.076271,-1.398305,10.797560
2.076271,-1.313559,10.795872
2.076271,-1.228814,10.794183
2.076271,-1.144068,10.792495
2.076271,-1.059322,10.790806
2.076271,-0.974576,10.789118
2.076271,-0.889831,10.787430
2.076271,-0.805085,10.785741
2.076271,-0.720339,10.784053
2.076271,-0.635593,10.782364
2.076271,-0.550847,10.780676
2.076271,-0.466102,10.778988
2.076271,-0.381356,10.777299
2.076271,-0.296610,10.775611
2.076271,-0.211864,10.773922
2.076271,-0.127119,10.772234
2.076271,-0.042373,10.770546
2.076271,0.042373,10.768857
2.076271,0.127119,10.767169
2.076271,0.211864,10.765480
2.076271,0.296610,10.763792
2.076271,0.381356,10.762104
2.076271,0.466102,10.760415
2.076271,0.550847,10.758727
2.076271,0.635593,10.757038
2.076271,0.720339,10.755350
2.076271,0.805085,10.753662
2.076271,0.889831,10.751973
2.076271,0.974576,10.750285
2.076271,1.059322,10.748596
2.076271,1.144068,10.746908
2.076271,1.228814,10.745220
2.076271,1.313559,10.743531
2.076271,1.398305,10.741843
2.076271,1.483051,10.740154
2.076271,1.567797,10.738466
2.076271,1.652542,10.736778
2.076271,1.737288,10.735089
2.076271,1.822034,10.733543
2.076271,1.906780,10.732143
2.076271,1.991525,10.730742
2.076271,2.076271,10.737042
2.076271,2.161017,10.811287
2.076271,2.245763,10.885531
2.076271,2.330508,10.959775
2.076271,2.415254,11.034019
2.076271,2.500000,11.108263
_Enter
_Polyline
2.161017,-2.500000,11.195887
2.161017,-2.415254,11.121162
2.161017,-2.330508,11.046438
2.161017,-2.245763,10.971713
2.161017,-2.161017,10.896988
2.161017,-2.076271,10.880292
2.161017,-1.991525,10.878603
2.161017,-1.906780,10.876915
2.161017,-1.822034,10.875227
2.161017,-1.737288,10.873538
2.161017,-1.652542,10.871850
2.161017,-1.567797,10.870161
2.161017,-1.483051,10.868473
2.161017,-1.398305,10.866785
2.161017,-1.313559,10.865096
2.161017,-1.228814,10.863408
2.161017,-1.144068,10.861719
2.161017,-1.059322,10.860031
2.161017,-0.974576,10.858343
2.161017,-0.889831,10.856654
2.161017,-0.805085,10.854966
2.161017,-0.720339,10.853277
2.161017,-0.635593,10.851589
2.161017,-0.550847,10.849901
2.161017,-0.466102,10.848212
2.161017,-0.381356,10.846524
2.161017,-0.296610,10.844835
2.161017,-0.211864,10.843147
2.161017,-0.127119,10.841459
2.161017,-0.042373,10.839770
2.161017,0.042373,10.838082
2.161017,0.127119,10.836393
2.161017,0.211864,10.834705
2.161017,0.296610,10.833017
2.161017,0.381356,10.831602
2.161017,0.466102,10.830201
2.161017,0.550847,10.828800
2.161017,0.635593,10.827399
2.161017,0.720339,10.825998
2.161017,0.805085,10.824598
2.161017,0.889831,10.823197
2.161017,0.974576,10.821796
2.161017,1.059322,10.820395
2.161017,1.144068,10.818994
2.161017,1.228814,10.817593
2.161017,1.313559,10.816193
2.161017,1.398305,10.814792
2.161017,1.483051,10.813391
2.161017,1.567797,10.811990
2.161017,1.652542,10.810589
2.161017,1.737288,10.809188
2.161017,1.822034,10.807788
2.161017,1.906780,10.806387
2.161017,1.991525,10.804986
2.161017,2.076271,10.803585
2.161017,2.161017,10.809886
2.161017,2.245763,10.884130
2.161017,2.330508,10.958374
2.161017,2.415254,11.032618
2.161017,2.500000,11.106863
_Enter
_Polyline
2.245763,-2.500000,11.194528
2.245763,-2.415254,11.119804
2.245763,-2.330508,11.045079
2.245763,-2.245763,10.970354
2.245763,-2.161017,10.951205
2.245763,-2.076271,10.949516
2.245763,-1.991525,10.947828
2.245763,-1.906780,10.946140
2.245763,-1.822034,10.944451
2.245763,-1.737288,10.942763
2.245763,-1.652542,10.941074
2.245763,-1.567797,10.939386
2.245763,-1.483051,10.937698
2.245763,-1.398305,10.936009
2.245763,-1.313559,10.934321
2.245763,-1.228814,10.932632
2.245763,-1.144068,10.931061
2.245763,-1.059322,10.929660
2.245763,-0.974576,10.928259
2.245763,-0.889831,10.926858
2.245763,-0.805085,10.925458
2.245763,-0.720339,10.924057
2.245763,-0.635593,10.922656
2.245763,-0.550847,10.921255
2.245763,-0.466102,10.919854
2.245763,-0.381356,10.918453
2.245763,-0.296610,10.917053
2.245763,-0.211864,10.915652
2.245763,-0.127119,10.914251
2.245763,-0.042373,10.912850
2.245763,0.042373,10.911449
2.245763,0.127119,10.910048
2.245763,0.211864,10.908648
2.245763,0.296610,10.907247
2.245763,0.381356,10.905846
2.245763,0.466102,10.904445
2.245763,0.550847,10.903044
2.245763,0.635593,10.901643
2.245763,0.720339,10.900243
2.245763,0.805085,10.898842
2.245763,0.889831,10.897441
2.245763,0.974576,10.896040
2.245763,1.059322,10.894639
2.245763,1.144068,10.893238
2.245763,1.228814,10.891838
2.245763,1.313559,10.890437
2.245763,1.398305,10.889036
2.245763,1.483051,10.887635
2.245763,1.567797,10.886234
2.245763,1.652542,10.884833
2.245763,1.737288,10.883433
2.245763,1.822034,10.882032
2.245763,1.906780,10.880631
2.245763,1.991525,10.879230
2.245763,2.076271,10.877829
2.245763,2.161017,10.876428
2.245763,2.245763,10.882729
2.245763,2.330508,10.956973
2.245763,2.415254,11.031218
2.245763,2.500000,11.105462
_Enter
_Polyline
2.330508,-2.500000,11.193170
2.330508,-2.415254,11.118445
2.330508,-2.330508,11.043720
2.330508,-2.245763,11.023516
2.330508,-2.161017,11.022115
2.330508,-2.076271,11.020714
2.330508,-1.991525,11.019314
2.330508,-1.906780,11.017913
2.330508,-1.822034,11.016512
2.330508,-1.737288,11.015111
2.330508,-1.652542,11.013710
2.330508,-1.567797,11.012309
2.330508,-1.483051,11.010909
2.330508,-1.398305,11.009508
2.330508,-1.313559,11.008107
2.330508,-1.228814,11.006706
2.330508,-1.144068,11.005305
2.330508,-1.059322,11.003904
2.330508,-0.974576,11.002504
2.330508,-0.889831,11.001103
2.330508,-0.805085,10.999702
2.330508,-0.720339,10.998301
2.330508,-0.635593,10.996900
2.330508,-0.550847,10.995499
2.330508,-0.466102,10.994099
2.330508,-0.381356,10.992698
2.330508,-0.296610,10.991297
2.330508,-0.211864,10.989896
2.330508,-0.127119,10.988495
2.330508,-0.042373,10.987094
2.330508,0.042373,10.985694
2.330508,0.127119,10.984293
2.330508,0.211864,10.982892
2.330508,0.296610,10.981491
2.330508,0.381356,10.980090
2.330508,0.466102,10.978689
2.330508,0.550847,10.977289
2.330508,0.635593,10.975888
2.330508,0.720339,10.974487
2.330508,0.805085,10.973086
2.330508,0.889831,10.971685
2.330508,0.974576,10.970284
2.330508,1.059322,10.968884
2.330508,1.144068,10.967483
2.330508,1.228814,10.966082
2.330508,1.313559,10.964681
2.330508,1.398305,10.963280
2.330508,1.483051,10.961879
2.330508,1.567797,10.960479
2.330508,1.652542,10.959078
2.330508,1.737288,10.957677
2.330508,1.822034,10.956276
2.330508,1.906780,10.954875
2.330508,1.991525,10.953474
2.330508,2.076271,10.952073
2.330508,2.161017,10.950673
2.330508,2.245763,10.949272
2.330508,2.330508,10.955572
2.330508,2.415254,11.029817
2.330508,2.500000,11.104061
_Enter
_Polyline
2.415254,-2.500000,11.191811
2.415254,-2.415254,11.117086
2.415254,-2.330508,11.099161
2.415254,-2.245763,11.097760
2.415254,-2.161017,11.096359
2.415254,-2.076271,11.094959
2.415254,-1.991525,11.093558
2.415254,-1.906780,11.092157
2.415254,-1.822034,11.090756
2.415254,-1.737288,11.089355
2.415254,-1.652542,11.087954
2.415254,-1.567797,11.086554
2.415254,-1.483051,11.085153
2.415254,-1.398305,11.083752
2.415254,-1.313559,11.082351
2.415254,-1.228814,11.080950
2.415254,-1.144068,11.079549
2.415254,-1.059322,11.078149
2.415254,-0.974576,11.076748
2.415254,-0.889831,11.075347
2.415254,-0.805085,11.073946
2.415254,-0.720339,11.072545
2.415254,-0.635593,11.071144
2.415254,-0.550847,11.069744
2.415254,-0.466102,11.068343
2.415254,-0.381356,11.066942
2.415254,-0.296610,11.065541
2.415254,-0.211864,11.064140
2.415254,-0.127119,11.062739
2.415254,-0.042373,11.061339
2.415254,0.042373,11.059938
2.415254,0.127119,11.058537
2.415254,0.211864,11.057136
2.415254,0.296610,11.055735
2.415254,0.381356,11.054334
2.415254,0.466102,11.052934
2.415254,0.550847,11.051533
2.415254,0.635593,11.050132
2.415254,0.720339,11.048731
2.415254,0.805085,11.047330
2.415254,0.889831,11.045929
2.415254,0.974576,11.044529
2.415254,1.059322,11.043128
2.415254,1.144068,11.041727
2.415254,1.228814,11.040326
2.415254,1.313559,11.038925
2.415254,1.398305,11.037524
2.415254,1.483051,11.036124
2.415254,1.567797,11.034723
2.415254,1.652542,11.033322
2.415254,1.737288,11.031921
2.415254,1.822034,11.030520
2.415254,1.906780,11.029119
2.415254,1.991525,11.027719
2.415254,2.076271,11.026318
2.415254,2.161017,11.024917
2.415254,2.245763,11.023516
2.415254,2.330508,11.022115
2.415254,2.415254,11.028416
2.415254,2.500000,11.102660
_Enter
_Polyline
2.500000,-2.500000,11.190452
2.500000,-2.415254,11.174806
2.500000,-2.330508,11.173405
2.500000,-2.245763,11.172004
2.500000,-2.161017,11.170604
2.500000,-2.076271,11.169203
2.500000,-1.991525,11.167802
2.500000,-1.906780,11.166401
2.500000,-1.822034,11.165000
2.500000,-1.737288,11.163599
2.500000,-1.652542,11.162199
2.500000,-1.567797,11.160798
2.500000,-1.483051,11.159397
2.500000,-1.398305,11.157996
2.500000,-1.313559,11.156595
2.500000,-1.228814,11.155194
2.500000,-1.144068,11.153794
2.500000,-1.059322,11.152393
2.500000,-0.974576,11.150992
2.500000,-0.889831,11.149591
2.500000,-0.805085,11.148190
2.500000,-0.720339,11.146789
2.500000,-0.635593,11.145389
2.500000,-0.550847,11.143988
2.500000,-0.466102,11.142587
2.500000,-0.381356,11.141186
2.500000,-0.296610,11.139785
2.500000,-0.211864,11.138384
2.500000,-0.127119,11.136984
2.500000,-0.042373,11.135583
2.500000,0.042373,11.134182
2.500000,0.127119,11.132781
2.500000,0.211864,11.131380
2.500000,0.296610,11.129979
2.500000,0.381356,11.128579
2.500000,0.466102,11.127178
2.500000,0.550847,11.125777
2.500000,0.635593,11.124376
2.500000,0.720339,11.122975
2.500000,0.805085,11.121574
2.500000,0.889831,11.120174
2.500000,0.974576,11.118773
2.500000,1.059322,11.117372
2.500000,1.144068,11.115971
2.500000,1.228814,11.114570
2.500000,1.313559,11.113169
2.500000,1.398305,11.111769
2.500000,1.483051,11.110368
2.500000,1.567797,11.108967
2.500000,1.652542,11.107566
2.500000,1.737288,11.106165
2.500000,1.822034,11.104764
2.500000,1.906780,11.103364
2.500000,1.991525,11.101963
2.500000,2.076271,11.100562
2.500000,2.161017,11.099161
2.500000,2.245763,11.097760
2.500000,2.330508,11.096359
2.500000,2.415254,11.094959
2.500000,2.500000,11.101259
_Enter
