_Polyline
-2.500000,-2.500000,7.685919
-2.500000,-2.415254,7.634912
-2.500000,-2.330508,7.583905
-2.500000,-2.245763,7.532897
-2.500000,-2.161017,7.481890
-2.500000,-2.076271,7.430883
-2.500000,-1.991525,7.379875
-2.500000,-1.906780,7.328868
-2.500000,-1.822034,7.277861
-2.500000,-1.737288,7.226853
-2.500000,-1.652542,7.175846
-2.500000,-1.567797,7.124839
-2.500000,-1.483051,7.073832
-2.500000,-1.398305,7.022824
-2.500000,-1.313559,6.971817
-2.500000,-1.228814,6.920810
-2.500000,-1.144068,6.869802
-2.500000,-1.059322,6.818795
-2.500000,-0.974576,6.767788
-2.500000,-0.889831,6.716780
-2.500000,-0.805085,6.665773
-2.500000,-0.720339,6.614766
-2.500000,-0.635593,6.563758
-2.500000,-0.550847,6.512751
-2.500000,-0.466102,6.461744
-2.500000,-0.381356,6.410737
-2.500000,-0.296610,6.359729
-2.500000,-0.211864,6.308722
-2.500000,-0.127119,6.257715
-2.500000,-0.042373,6.207379
-2.500000,0.042373,6.161977
-2.500000,0.127119,6.116575
-2.500000,0.211864,6.071173
-2.500000,0.296610,6.025771
-2.500000,0.381356,5.980369
-2.500000,0.466102,5.934967
-2.500000,0.550847,5.889565
-2.500000,0.635593,5.844163
-2.500000,0.720339,5.798761
-2.500000,0.805085,5.753359
-2.500000,0.889831,5.715670
-2.500000,0.974576,5.679402
-2.500000,1.059322,5.643135
-2.500000,1.144068,5.606867
-2.500000,1.228814,5.570600
-2.500000,1.313559,5.534332
-2.500000,1.398305,5.498065
-2.500000,1.483051,5.464779
-2.500000,1.567797,5.441188
-2.500000,1.652542,5.417597
-2.500000,1.737288,5.394006
-2.500000,1.822034,5.370415
-2.500000,1.906780,5.346824
-2.500000,1.991525,5.323233
-2.500000,2.076271,5.311006
-2.500000,2.161017,5.302800
-2.500000,2.245763,5.294595
-2.500000,2.330508,5.286390
-2.500000,2.415254,5.278184
-2.500000,2.500000,5.269985
_Enter
_Polyline
-2.415254,-2.500000,7.634912
-2.415254,-2.415254,7.583905
-2.415254,-2.330508,7.532897
-2.415254,-2.245763,7.481890
-2.415254,-2.161017,7.430883
-2.415254,-2.076271,7.379875
-2.415254,-1.991525,7.328868
-2.415254,-1.906780,7.277861
-2.415254,-1.822034,7.226853
-2.415254,-1.737288,7.175846
-2.415254,-1.652542,7.124839
-2.415254,-1.567797,7.073832
-2.415254,-1.483051,7.022824
-2.415254,-1.398305,6.971817
-2.415254,-1.313559,6.920810
-2.415254,-1.228814,6.869802
-2.415254,-1.144068,6.818795
-2.415254,-1.059322,6.767788
-2.415254,-0.974576,6.716780
-2.415254,-0.889831,6.665773
-2.415254,-0.805085,6.614766
-2.415254,-0.720339,6.563758
-2.415254,-0.635593,6.512751
-2.415254,-0.550847,6.461744
-2.415254,-0.466102,6.410737
-2.415254,-0.381356,6.359729
-2.415254,-0.296610,6.308722
-2.415254,-0.211864,6.257715
-2.415254,-0.127119,6.207379
-2.415254,-0.042373,6.161977
-2.415254,0.042373,6.116575
-2.415254,0.127119,6.071173
-2.415254,0.211864,6.025771
-2.415254,0.296610,5.980369
-2.415254,0.381356,5.934967
-2.415254,0.466102,5.889565
-2.415254,0.550847,5.844163
-2.415254,0.635593,5.798761
-2.415254,0.720339,5.753359
-2.415254,0.805085,5.715670
-2.415254,0.889831,5.679402
-2.415254,0.974576,5.643135
-2.415254,1.059322,5.606867
-2.415254,1.144068,5.570600
-2.415254,1.228814,5.534332
-2.415254,1.313559,5.498065
-2.415254,1.398305,5.464779
-2.415254,1.483051,5.441188
-2.415254,1.567797,5.417597
-2.415254,1.652542,5.394006
-2.415254,1.737288,5.370415
-2.415254,1.822034,5.346824
-2.415254,1.906780,5.323233
-2.415254,1.991525,5.311006
-2.415254,2.076271,5.302800
-2.415254,2.161017,5.294595
-2.415254,2.245763,5.286390
-2.415254,2.330508,5.278184
-2.415254,2.415254,5.269985
-2.415254,2.500000,5.278190
_Enter
_Polyline
-2.330508,-2.500000,7.583905
-2.330508,-2.415254,7.532897
-2.330508,-2.330508,7.481890
-2.330508,-2.245763,7.430883
-2.330508,-2.161017,7.379875
-2.330508,-2.076271,7.328868
-2.330508,-1.991525,7.277861
-2.330508,-1.906780,7.226853
-2.330508,-1.822034,7.175846
-2.330508,-1.737288,7.124839
-2.330508,-1.652542,7.073832
-2.330508,-1.567797,7.022824
-2.330508,-1.483051,6.971817
-2.330508,-1.398305,6.920810
-2.330508,-1.313559,6.869802
-2.330508,-1.228814,6.818795
-2.330508,-1.144068,6.767788
-2.330508,-1.059322,6.716780
-2.330508,-0.974576,6.665773
-2.330508,-0.889831,6.614766
-2.330508,-0.805085,6.563758
-2.330508,-0.720339,6.512751
-2.330508,-0.635593,6.461744
-2.330508,-0.550847,6.410737
-2.330508,-0.466102,6.359729
-2.330508,-0.381356,6.308722
-2.330508,-0.296610,6.257715
-2.330508,-0.211864,6.207379
-2.330508,-0.127119,6.161977
-2.330508,-0.042373,6.116575
-2.330508,0.042373,6.071173
-2.330508,0.127119,6.025771
-2.330508,0.211864,5.980369
-2.330508,0.296610,5.934967
-2.330508,0.381356,5.889565
-2.330508,0.466102,5.844163
-2.330508,0.550847,5.798761
-2.330508,0.635593,5.753359
-2.330508,0.720339,5.715670
-2.330508,0.805085,5.679402
-2.330508,0.889831,5.643135
-2.330508,0.974576,5.606867
-2.330508,1.059322,5.570600
-2.330508,1.144068,5.534332
-2.330508,1.228814,5.498065
-2.330508,1.313559,5.464779
-2.330508,1.398305,5.441188
-2.330508,1.483051,5.417597
-2.330508,1.567797,5.394006
-2.330508,1.652542,5.370415
-2.330508,1.737288,5.346824
-2.330508,1.822034,5.323233
-2.330508,1.906780,5.311006
-2.330508,1.991525,5.302800
-2.330508,2.076271,5.294595
-2.330508,2.161017,5.286390
-2.330508,2.245763,5.278184
-2.330508,2.330508,5.269985
-2.330508,2.415254,5.278190
-2.330508,2.500000,5.286396
_Enter
_Polyline
-2.245763,-2.500000,7.532897
-2.245763,-2.415254,7.481890
-2.245763,-2.330508,7.430883
-2.245763,-2.245763,7.379875
-2.245763,-2.161017,7.328868
-2.245763,-2.076271,7.277861
-2.245763,-1.991525,7.226853
-2.245763,-1.906780,7.175846
-2.245763,-1.822034,7.124839
-2.245763,-1.737288,7.073832
-2.245763,-1.652542,7.022824
-2.245763,-1.567797,6.971817
-2.245763,-1.483051,6.920810
-2.245763,-1.398305,6.869802
-2.245763,-1.313559,6.818795
-2.245763,-1.228814,6.767788
-2.245763,-1.144068,6.716780
-2.245763,-1.059322,6.665773
-2.245763,-0.974576,6.614766
-2.245763,-0.889831,6.563758
-2.245763,-0.805085,6.512751
-2.245763,-0.720339,6.461744
-2.245763,-0.635593,6.410737
-2.245763,-0.550847,6.359729
-2.245763,-0.466102,6.308722
-2.245763,-0.381356,6.257715
-2.245763,-0.296610,6.207379
-2.245763,-0.211864,6.161977
-2.245763,-0.127119,6.116575
-2.245763,-0.042373,6.071173
-2.245763,0.042373,6.025771
-2.245763,0.127119,5.980369
-2.245763,0.211864,5.934967
-2.245763,0.296610,5.889565
-2.245763,0.381356,5.844163
-2.245763,0.466102,5.798761
-2.245763,0.550847,5.753359
-2.245763,0.635593,5.715670
-2.245763,0.720339,5.679402
-2.245763,0.805085,5.643135
-2.245763,0.889831,5.606867
-2.245763,0.974576,5.570600
-2.245763,1.059322,5.534332
-2.245763,1.144068,5.498065
-2.245763,1.228814,5.464779
-2.245763,1.313559,5.441188
-2.245763,1.398305,5.417597
-2.245763,1.483051,5.394006
-2.245763,1.567797,5.370415
-2.245763,1.652542,5.346824
-2.245763,1.737288,5.323233
-2.245763,1.822034,5.311006
-2.245763,1.906780,5.302800
-2.245763,1.991525,5.294595
-2.245763,2.076271,5.286390
-2.245763,2.161017,5.278184
-2.245763,2.245763,5.269985
-2.245763,2.330508,5.278190
-2.245763,2.415254,5.286396
-2.245763,2.500000,5.294601
_Enter
_Polyline
-2.161017,-2.500000,7.481890
-2.161017,-2.415254,7.430883
-2.161017,-2.330508,7.379875
-2.161017,-2.245763,7.328868
-2.161017,-2.161017,7.277861
-2.161017,-2.076271,7.226853
-2.161017,-1.991525,7.175846
-2.161017,-1.906780,7.124839
-2.161017,-1.822034,7.073832
-2.161017,-1.737288,7.022824
-2.161017,-1.652542,6.971817
-2.161017,-1.567797,6.920810
-2.161017,-1.483051,6.869802
-2.161017,-1.398305,6.818795
-2.161017,-1.313559,6.767788
-2.161017,-1.228814,6.716780
-2.161017,-1.144068,6.665773
-2.161017,-1.059322,6.614766
-2.161017,-0.974576,6.563758
-2.161017,-0.889831,6.512751
-2.161017,-0.805085,6.461744
-2.161017,-0.720339,6.410737
-2.161017,-0.635593,6.359729
-2.161017,-0.550847,6.308722
-2.161017,-0.466102,6.257715
-2.161017,-0.381356,6.207379
-2.161017,-0.296610,6.161977
-2.161017,-0.211864,6.116575
-2.161017,-0.127119,6.071173
-2.161017,-0.042373,6.025771
-2.161017,0.042373,5.980369
-2.161017,0.127119,5.934967
-2.161017,0.211864,5.889565
-2.161017,0.296610,5.844163
-2.161017,0.381356,5.798761
-2.161017,0.466102,5.753359
-2.161017,0.550847,5.715670
-2.161017,0.635593,5.679402
-2.161017,0.720339,5.643135
-2.161017,0.805085,5.606867
-2.161017,0.889831,5.570600
-2.161017,0.974576,5.534332
-2.161017,1.059322,5.498065
-2.161017,1.144068,5.464779
-2.161017,1.228814,5.441188
-2.161017,1.313559,5.417597
-2.161017,1.398305,5.394006
-2.161017,1.483051,5.370415
-2.161017,1.567797,5.346824
-2.161017,1.652542,5.323233
-2.161017,1.737288,5.311006
-2.161017,1.822034,5.302800
-2.161017,1.906780,5.294595
-2.161017,1.991525,5.286390
-2.161017,2.076271,5.278184
-2.161017,2.161017,5.269985
-2.161017,2.245763,5.278190
-2.161017,2.330508,5.286396
-2.161017,2.415254,5.294601
-2.161017,2.500000,5.302806
_Enter
_Polyline
-2.076271,-2.500000,7.430883
-2.076271,-2.415254,7.379875
-2.076271,-2.330508,7.328868
-2.076271,-2.245763,7.277861
-2.076271,-2.161017,7.226853
-2.076271,-2.076271,7.175846
-2.076271,-1.991525,7.124839
-2.076271,-1.906780,7.073832
-2.076271,-1.822034,7.022824
-2.076271,-1.737288,6.971817
-2.076271,-1.652542,6.920810
-2.076271,-1.567797,6.869802
-2.076271,-1.483051,6.818795
-2.076271,-1.398305,6.767788
-2.076271,-1.313559,6.716780
-2.076271,-1.228814,6.665773
-2.076271,-1.144068,6.614766
-2.076271,-1.059322,6.563758
-2.076271,-0.974576,6.512751
-2.076271,-0.889831,6.461744
-2.076271,-0.805085,6.410737
-2.076271,-0.720339,6.359729
-2.076271,-0.635593,6.308722
-2.076271,-0.550847,6.257715
-2.076271,-0.466102,6.207379
-2.076271,-0.381356,6.161977
-2.076271,-0.296610,6.116575
-2.076271,-0.211864,6.071173
-2.076271,-0.127119,6.025771
-2.076271,-0.042373,5.980369
-2.076271,0.042373,5.934967
-2.076271,0.127119,5.889565
-2.076271,0.211864,5.844163
-2.076271,0.296610,5.798761
-2.076271,0.381356,5.753359
-2.076271,0.466102,5.715670
-2.076271,0.550847,5.679402
-2.076271,0.635593,5.643135
-2.076271,0.720339,5.606867
-2.076271,0.805085,5.570600
-2.076271,0.889831,5.534332
-2.076271,0.974576,5.498065
-2.076271,1.059322,5.464779
-2.076271,1.144068,5.441188
-2.076271,1.228814,5.417597
-2.076271,1.313559,5.394006
-2.076271,1.398305,5.370415
-2.076271,1.483051,5.346824
-2.076271,1.567797,5.323233
-2.076271,1.652542,5.311006
-2.076271,1.737288,5.302800
-2.076271,1.822034,5.294595
-2.076271,1.906780,5.286390
-2.076271,1.991525,5.278184
-2.076271,2.076271,5.269985
-2.076271,2.161017,5.278190
-2.076271,2.245763,5.286396
-2.076271,2.330508,5.294601
-2.076271,2.415254,5.302806
-2.076271,2.500000,5.311012
_Enter
_Polyline
-1.991525,-2.500000,7.379875
-1.991525,-2.415254,7.328868
-1.991525,-2.330508,7.277861
-1.991525,-2.245763,7.226853
-1.991525,-2.161017,7.175846
-1.991525,-2.076271,7.124839
-1.991525,-1.991525,7.073832
-1.991525,-1.906780,7.022824
-1.991525,-1.822034,6.971817
-1.991525,-1.737288,6.920810
-1.991525,-1.652542,6.869802
-1.991525,-1.567797,6.818795
-1.991525,-1.483051,6.767788
-1.991525,-1.398305,6.716780
-1.991525,-1.313559,6.665773
-1.991525,-1.228814,6.614766
-1.991525,-1.144068,6.563758
-1.991525,-1.059322,6.512751
-1.991525,-0.974576,6.461744
-1.991525,-0.889831,6.410737
-1.991525,-0.805085,6.359729
-1.991525,-0.720339,6.308722
-1.991525,-0.635593,6.257715
-1.991525,-0.550847,6.207379
-1.991525,-0.466102,6.161977
-1.991525,-0.381356,6.116575
-1.991525,-0.296610,6.071173
-1.991525,-0.211864,6.025771
-1.991525,-0.127119,5.980369
-1.991525,-0.042373,5.934967
-1.991525,0.042373,5.889565
-1.991525,0.127119,5.844163
-1.991525,0.211864,5.798761
-1.991525,0.296610,5.753359
-1.991525,0.381356,5.715670
-1.991525,0.466102,5.679402
-1.991525,0.550847,5.643135
-1.991525,0.635593,5.606867
-1.991525,0.720339,5.570600
-1.991525,0.805085,5.534332
-1.991525,0.889831,5.498065
-1.991525,0.974576,5.464779
-1.991525,1.059322,5.441188
-1.991525,1.144068,5.417597
-1.991525,1.228814,5.394006
-1.991525,1.313559,5.370415
-1.991525,1.398305,5.346824
-1.991525,1.483051,5.323233
-1.991525,1.567797,5.311006
-1.991525,1.652542,5.302800
-1.991525,1.737288,5.294595
-1.991525,1.822034,5.286390
-1.991525,1.906780,5.278184
-1.991525,1.991525,5.269985
-1.991525,2.076271,5.278190
-1.991525,2.161017,5.286396
-1.991525,2.245763,5.294601
-1.991525,2.330508,5.302806
-1.991525,2.415254,5.311012
-1.991525,2.500000,5.323109
_Enter
_Polyline
-1.906780,-2.500000,7.328868
-1.906780,-2.415254,7.277861
-1.906780,-2.330508,7.226853
-1.906780,-2.245763,7.175846
-1.906780,-2.161017,7.124839
-1.906780,-2.076271,7.073832
-1.906780,-1.991525,7.022824
-1.906780,-1.906780,6.971817
-1.906780,-1.822034,6.920810
-1.906780,-1.737288,6.869802
-1.906780,-1.652542,6.818795
-1.906780,-1.567797,6.767788
-1.906780,-1.483051,6.716780
-1.906780,-1.398305,6.665773
-1.906780,-1.313559,6.614766
-1.906780,-1.228814,6.563758
-1.906780,-1.144068,6.512751
-1.906780,-1.059322,6.461744
-1.906780,-0.974576,6.410737
-1.906780,-0.889831,6.359729
-1.906780,-0.805085,6.308722
-1.906780,-0.720339,6.257715
-1.906780,-0.635593,6.207379
-1.906780,-0.550847,6.161977
-1.906780,-0.466102,6.116575
-1.906780,-0.381356,6.071173
-1.906780,-0.296610,6.025771
-1.906780,-0.211864,5.980369
-1.906780,-0.127119,5.934967
-1.906780,-0.042373,5.889565
-1.906780,0.042373,5.844163
-1.906780,0.127119,5.798761
-1.906780,0.211864,5.753359
-1.906780,0.296610,5.715670
-1.906780,0.381356,5.679402
-1.906780,0.466102,5.643135
-1.906780,0.550847,5.606867
-1.906780,0.635593,5.570600
-1.906780,0.720339,5.534332
-1.906780,0.805085,5.498065
-1.906780,0.889831,5.464779
-1.906780,0.974576,5.441188
-1.906780,1.059322,5.417597
-1.906780,1.144068,5.394006
-1.906780,1.228814,5.370415
-1.906780,1.313559,5.346824
-1.906780,1.398305,5.323233
-1.906780,1.483051,5.311006
-1.906780,1.567797,5.302800
-1.906780,1.652542,5.294595
-1.906780,1.737288,5.286390
-1.906780,1.822034,5.278184
-1.906780,1.906780,5.269985
-1.906780,1.991525,5.278190
-1.906780,2.076271,5.286396
-1.906780,2.161017,5.294601
-1.906780,2.245763,5.302806
-1.906780,2.330508,5.311012
-1.906780,2.415254,5.323109
-1.906780,2.500000,5.346700
_Enter
_Polyline
-1.822034,-2.500000,7.277861
-1.822034,-2.415254,7.226853
-1.822034,-2.330508,7.175846
-1.822034,-2.245763,7.124839
-1.822034,-2.161017,7.073832
-1.822034,-2.076271,7.022824
-1.822034,-1.991525,6.971817
-1.822034,-1.906780,6.920810
-1.822034,-1.822034,6.869802
-1.822034,-1.737288,6.818795
-1.822034,-1.652542,6.767788
-1.822034,-1.567797,6.716780
-1.822034,-1.483051,6.665773
-1.822034,-1.398305,6.614766
-1.822034,-1.313559,6.563758
-1.822034,-1.228814,6.512751
-1.822034,-1.144068,6.461744
-1.822034,-1.059322,6.410737
-1.822034,-0.974576,6.359729
-1.822034,-0.889831,6.308722
-1.822034,-0.805085,6.257715
-1.822034,-0.720339,6.207379
-1.822034,-0.635593,6.161977
-1.822034,-0.550847,6.116575
-1.822034,-0.466102,6.071173
-1.822034,-0.381356,6.025771
-1.822034,-0.296610,5.980369
-1.822034,-0.211864,5.934967
-1.822034,-0.127119,5.889565
-1.822034,-0.042373,5.844163
-1.822034,0.042373,5.798761
-1.822034,0.127119,5.753359
-1.822034,0.211864,5.715670
-1.822034,0.296610,5.679402
-1.822034,0.381356,5.643135
-1.822034,0.466102,5.606867
-1.822034,0.550847,5.570600
-1.822034,0.635593,5.534332
-1.822034,0.720339,5.498065
-1.822034,0.805085,5.464779
-1.822034,0.889831,5.441188
-1.822034,0.974576,5.417597
-1.822034,1.059322,5.394006
-1.822034,1.144068,5.370415
-1.822034,1.228814,5.346824
-1.822034,1.313559,5.323233
-1.822034,1.398305,5.311006
-1.822034,1.483051,5.302800
-1.822034,1.567797,5.294595
-1.822034,1.652542,5.286390
-1.822034,1.737288,5.278184
-1.822034,1.822034,5.269985
-1.822034,1.906780,5.278190
-1.822034,1.991525,5.286396
-1.822034,2.076271,5.294601
-1.822034,2.161017,5.302806
-1.822034,2.245763,5.311012
-1.822034,2.330508,5.323109
-1.822034,2.415254,5.346700
-1.822034,2.500000,5.370291
_Enter
_Polyline
-1.737288,-2.500000,7.226853
-1.737288,-2.415254,7.175846
-1.737288,-2.330508,7.124839
-1.737288,-2.245763,7.073832
-1.737288,-2.161017,7.022824
-1.737288,-2.076271,6.971817
-1.737288,-1.991525,6.920810
-1.737288,-1.906780,6.869802
-1.737288,-1.822034,6.818795
-1.737288,-1.737288,6.767788
-1.737288,-1.652542,6.716780
-1.737288,-1.567797,6.665773
-1.737288,-1.483051,6.614766
-1.737288,-1.398305,6.563758
-1.737288,-1.313559,6.512751
-1.737288,-1.228814,6.461744
-1.737288,-1.144068,6.410737
-1.737288,-1.059322,6.359729
-1.737288,-0.974576,6.308722
-1.737288,-0.889831,6.257715
-1.737288,-0.805085,6.207379
-1.737288,-0.720339,6.161977
-1.737288,-0.635593,6.116575
-1.737288,-0.550847,6.071173
-1.737288,-0.466102,6.025771
-1.737288,-0.381356,5.980369
-1.737288,-0.296610,5.934967
-1.737288,-0.211864,5.889565
-1.737288,-0.127119,5.844163
-1.737288,-0.042373,5.798761
-1.737288,0.042373,5.753359
-1.737288,0.127119,5.715670
-1.737288,0.211864,5.679402
-1.737288,0.296610,5.643135
-1.737288,0.381356,5.606867
-1.737288,0.466102,5.570600
-1.737288,0.550847,5.534332
-1.737288,0.635593,5.498065
-1.737288,0.720339,5.464779
-1.737288,0.805085,5.441188
-1.737288,0.889831,5.417597
-1.737288,0.974576,5.394006
-1.737288,1.059322,5.370415
-1.737288,1.144068,5.346824
-1.737288,1.228814,5.323233
-1.737288,1.313559,5.311006
-1.737288,1.398305,5.302800
-1.737288,1.483051,5.294595
-1.737288,1.567797,5.286390
-1.737288,1.652542,5.278184
-1.737288,1.737288,5.269985
-1.737288,1.822034,5.278190
-1.737288,1.906780,5.286396
-1.737288,1.991525,5.294601
-1.737288,2.076271,5.302806
-1.737288,2.161017,5.311012
-1.737288,2.245763,5.323109
-1.737288,2.330508,5.346700
-1.737288,2.415254,5.370291
-1.737288,2.500000,5.393882
_Enter
_Polyline
-1.652542,-2.500000,7.175846
-1.652542,-2.415254,7.124839
-1.652542,-2.330508,7.073832
-1.652542,-2.245763,7.022824
-1.652542,-2.161017,6.971817
-1.652542,-2.076271,6.920810
-1.652542,-1.991525,6.869802
-1.652542,-1.906780,6.818795
-1.652542,-1.822034,6.767788
-1.652542,-1.737288,6.716780
-1.652542,-1.652542,6.665773
-1.652542,-1.567797,6.614766
-1.652542,-1.483051,6.563758
-1.652542,-1.398305,6.512751
-1.652542,-1.313559,6.461744
-1.652542,-1.228814,6.410737
-1.652542,-1.144068,6.359729
-1.652542,-1.059322,6.308722
-1.652542,-0.974576,6.257715
-1.652542,-0.889831,6.207379
-1.652542,-0.805085,6.161977
-1.652542,-0.720339,6.116575
-1.652542,-0.635593,6.071173
-1.652542,-0.550847,6.025771
-1.652542,-0.466102,5.980369
-1.652542,-0.381356,5.934967
-1.652542,-0.296610,5.889565
-1.652542,-0.211864,5.844163
-1.652542,-0.127119,5.798761
-1.652542,-0.042373,5.753359
-1.652542,0.042373,5.715670
-1.652542,0.127119,5.679402
-1.652542,0.211864,5.643135
-1.652542,0.296610,5.606867
-1.652542,0.381356,5.570600
-1.652542,0.466102,5.534332
-1.652542,0.550847,5.498065
-1.652542,0.635593,5.464779
-1.652542,0.720339,5.441188
-1.652542,0.805085,5.417597
-1.652542,0.889831,5.394006
-1.652542,0.974576,5.370415
-1.652542,1.059322,5.346824
-1.652542,1.144068,5.323233
-1.652542,1.228814,5.311006
-1.652542,1.313559,5.302800
-1.652542,1.398305,5.294595
-1.652542,1.483051,5.286390
-1.652542,1.567797,5.278184
-1.652542,1.652542,5.269985
-1.652542,1.737288,5.278190
-1.652542,1.822034,5.286396
-1.652542,1.906780,5.294601
-1.652542,1.991525,5.302806
-1.652542,2.076271,5.311012
-1.652542,2.161017,5.323109
-1.652542,2.245763,5.346700
-1.652542,2.330508,5.370291
-1.652542,2.415254,5.393882
-1.652542,2.500000,5.417473
_Enter
_Polyline
-1.567797,-2.500000,7.124839
-1.567797,-2.415254,7.073832
-1.567797,-2.330508,7.022824
-1.567797,-2.245763,6.971817
-1.567797,-2.161017,6.920810
-1.567797,-2.076271,6.869802
-1.567797,-1.991525,6.818795
-1.567797,-1.906780,6.767788
-1.567797,-1.822034,6.716780
-1.567797,-1.737288,6.665773
-1.567797,-1.652542,6.614766
-1.567797,-1.567797,6.563758
-1.567797,-1.483051,6.512751
-1.567797,-1.398305,6.461744
-1.567797,-1.313559,6.410737
-1.567797,-1.228814,6.359729
-1.567797,-1.144068,6.308722
-1.567797,-1.059322,6.257715
-1.567797,-0.974576,6.207379
-1.567797,-0.889831,6.161977
-1.567797,-0.805085,6.116575
-1.567797,-0.720339,6.071173
-1.567797,-0.635593,6.025771
-1.567797,-0.550847,5.980369
-1.567797,-0.466102,5.934967
-1.567797,-0.381356,5.889565
-1.567797,-0.296610,5.844163
-1.567797,-0.211864,5.798761
-1.567797,-0.127119,5.753359
-1.567797,-0.042373,5.715670
-1.567797,0.042373,5.679402
-1.567797,0.127119,5.643135
-1.567797,0.211864,5.606867
-1.567797,0.296610,5.570600
-1.567797,0.381356,5.534332
-1.567797,0.466102,5.498065
-1.567797,0.550847,5.464779
-1.567797,0.635593,5.441188
-1.567797,0.720339,5.417597
-1.567797,0.805085,5.394006
-1.567797,0.889831,5.370415
-1.567797,0.974576,5.346824
-1.567797,1.059322,5.323233
-1.567797,1.144068,5.311006
-1.567797,1.228814,5.302800
-1.567797,1.313559,5.294595
-1.567797,1.398305,5.286390
-1.567797,1.483051,5.278184
-1.567797,1.567797,5.269985
-1.567797,1.652542,5.278190
-1.567797,1.737288,5.286396
-1.567797,1.822034,5.294601
-1.567797,1.906780,5.302806
-1.567797,1.991525,5.311012
-1.567797,2.076271,5.323109
-1.567797,2.161017,5.346700
-1.567797,2.245763,5.370291
-1.567797,2.330508,5.393882
-1.567797,2.415254,5.417473
-1.567797,2.500000,5.441064
_Enter
_Polyline
-1.483051,-2.500000,7.073832
-1.483051,-2.415254,7.022824
-1.483051,-2.330508,6.971817
-1.483051,-2.245763,6.920810
-1.483051,-2.161017,6.869802
-1.483051,-2.076271,6.818795
-1.483051,-1.991525,6.767788
-1.483051,-1.906780,6.716780
-1.483051,-1.822034,6.665773
-1.483051,-1.737288,6.614766
-1.483051,-1.652542,6.563758
-1.483051,-1.567797,6.512751
-1.483051,-1.483051,6.461744
-1.483051,-1.398305,6.410737
-1.483051,-1.313559,6.359729
-1.483051,-1.228814,6.308722
-1.483051,-1.144068,6.257715
-1.483051,-1.059322,6.207379
-1.483051,-0.974576,6.161977
-1.483051,-0.889831,6.116575
-1.483051,-0.805085,6.071173
-1.483051,-0.720339,6.025771
-1.483051,-0.635593,5.980369
-1.483051,-0.550847,5.934967
-1.483051,-0.466102,5.889565
-1.483051,-0.381356,5.844163
-1.483051,-0.296610,5.798761
-1.483051,-0.211864,5.753359
-1.483051,-0.127119,5.715670
-1.483051,-0.042373,5.679402
-1.483051,0.042373,5.643135
-1.483051,0.127119,5.606867
-1.483051,0.211864,5.570600
-1.483051,0.296610,5.534332
-1.483051,0.381356,5.498065
-1.483051,0.466102,5.464779
-1.483051,0.550847,5.441188
-1.483051,0.635593,5.417597
-1.483051,0.720339,5.394006
-1.483051,0.805085,5.370415
-1.483051,0.889831,5.346824
-1.483051,0.974576,5.323233
-1.483051,1.059322,5.311006
-1.483051,1.144068,5.302800
-1.483051,1.228814,5.294595
-1.483051,1.313559,5.286390
-1.483051,1.398305,5.278184
-1.483051,1.483051,5.269985
-1.483051,1.567797,5.278190
-1.483051,1.652542,5.286396
-1.483051,1.737288,5.294601
-1.483051,1.822034,5.302806
-1.483051,1.906780,5.311012
-1.483051,1.991525,5.323109
-1.483051,2.076271,5.346700
-1.483051,2.161017,5.370291
-1.483051,2.245763,5.393882
-1.483051,2.330508,5.417473
-1.483051,2.415254,5.441064
-1.483051,2.500000,5.464655
_Enter
_Polyline
-1.398305,-2.500000,7.022824
-1.398305,-2.415254,6.971817
-1.398305,-2.330508,6.920810
-1.398305,-2.245763,6.869802
-1.398305,-2.161017,6.818795
-1.398305,-2.076271,6.767788
-1.398305,-1.991525,6.716780
-1.398305,-1.906780,6.665773
-1.398305,-1.822034,6.614766
-1.398305,-1.737288,6.563758
-1.398305,-1.652542,6.512751
-1.398305,-1.567797,6.461744
-1.398305,-1.483051,6.410737
-1.398305,-1.398305,6.359729
-1.398305,-1.313559,6.308722
-1.398305,-1.228814,6.257715
-1.398305,-1.144068,6.207379
-1.398305,-1.059322,6.161977
-1.398305,-0.974576,6.116575
-1.398305,-0.889831,6.071173
-1.398305,-0.805085,6.025771
-1.398305,-0.720339,5.980369
-1.398305,-0.635593,5.934967
-1.398305,-0.550847,5.889565
-1.398305,-0.466102,5.844163
-1.398305,-0.381356,5.798761
-1.398305,-0.296610,5.753359
-1.398305,-0.211864,5.715670
-1.398305,-0.127119,5.679402
-1.398305,-0.042373,5.643135
-1.398305,0.042373,5.606867
-1.398305,0.127119,5.570600
-1.398305,0.211864,5.534332
-1.398305,0.296610,5.498065
-1.398305,0.381356,5.464779
-1.398305,0.466102,5.441188
-1.398305,0.550847,5.417597
-1.398305,0.635593,5.394006
-1.398305,0.720339,5.370415
-1.398305,0.805085,5.346824
-1.398305,0.889831,5.323233
-1.398305,0.974576,5.311006
-1.398305,1.059322,5.302800
-1.398305,1.144068,5.294595
-1.398305,1.228814,5.286390
-1.398305,1.313559,5.278184
-1.398305,1.398305,5.269985
-1.398305,1.483051,5.278190
-1.398305,1.567797,5.286396
-1.398305,1.652542,5.294601
-1.398305,1.737288,5.302806
-1.398305,1.822034,5.311012
-1.398305,1.906780,5.323109
-1.398305,1.991525,5.346700
-1.398305,2.076271,5.370291
-1.398305,2.161017,5.393882
-1.398305,2.245763,5.417473
-1.398305,2.330508,5.441064
-1.398305,2.415254,5.464655
-1.398305,2.500000,5.498052
_Enter
_Polyline
-1.313559,-2.500000,6.971817
-1.313559,-2.415254,6.920810
-1.313559,-2.330508,6.869802
-1.313559,-2.245763,6.818795
-1.313559,-2.161017,6.767788
-1.313559,-2.076271,6.716780
-1.313559,-1.991525,6.665773
-1.313559,-1.906780,6.614766
-1.313559,-1.822034,6.563758
-1.313559,-1.737288,6.512751
-1.313559,-1.652542,6.461744
-1.313559,-1.567797,6.410737
-1.313559,-1.483051,6.359729
-1.313559,-1.398305,6.308722
-1.313559,-1.313559,6.257715
-1.313559,-1.228814,6.207379
-1.313559,-1.144068,6.161977
-1.313559,-1.059322,6.116575
-1.313559,-0.974576,6.071173
-1.313559,-0.889831,6.025771
-1.313559,-0.805085,5.980369
-1.313559,-0.720339,5.934967
-1.313559,-0.635593,5.889565
-1.313559,-0.550847,5.844163
-1.313559,-0.466102,5.798761
-1.313559,-0.381356,5.753359
-1.313559,-0.296610,5.715670
-1.313559,-0.211864,5.679402
-1.313559,-0.127119,5.643135
-1.313559,-0.042373,5.606867
-1.313559,0.042373,5.570600
-1.313559,0.127119,5.534332
-1.313559,0.211864,5.498065
-1.313559,0.296610,5.464779
-1.313559,0.381356,5.441188
-1.313559,0.466102,5.417597
-1.313559,0.550847,5.394006
-1.313559,0.635593,5.370415
-1.313559,0.720339,5.346824
-1.313559,0.805085,5.323233
-1.313559,0.889831,5.311006
-1.313559,0.974576,5.302800
-1.313559,1.059322,5.294595
-1.313559,1.144068,5.286390
-1.313559,1.228814,5.278184
-1.313559,1.313559,5.269985
-1.313559,1.398305,5.278190
-1.313559,1.483051,5.286396
-1.313559,1.567797,5.294601
-1.313559,1.652542,5.302806
-1.313559,1.737288,5.311012
-1.313559,1.822034,5.323109
-1.313559,1.906780,5.346700
-1.313559,1.991525,5.370291
-1.313559,2.076271,5.393882
-1.313559,2.161017,5.417473
-1.313559,2.245763,5.441064
-1.313559,2.330508,5.464655
-1.313559,2.415254,5.498052
-1.313559,2.500000,5.534320
_Enter
_Polyline
-1.228814,-2.500000,6.920810
-1.228814,-2.415254,6.869802
-1.228814,-2.330508,6.818795
-1.228814,-2.245763,6.767788
-1.228814,-2.161017,6.716780
-1.228814,-2.076271,6.665773
-1.228814,-1.991525,6.614766
-1.228814,-1.906780,6.563758
-1.228814,-1.822034,6.512751
-1.228814,-1.737288,6.461744
-1.228814,-1.652542,6.410737
-1.228814,-1.567797,6.359729
-1.228814,-1.483051,6.308722
-1.228814,-1.398305,6.257715
-1.228814,-1.313559,6.207379
-1.228814,-1.228814,6.161977
-1.228814,-1.144068,6.116575
-1.228814,-1.059322,6.071173
-1.228814,-0.974576,6.025771
-1.228814,-0.889831,5.980369
-1.228814,-0.805085,5.934967
-1.228814,-0.720339,5.889565
-1.228814,-0.635593,5.844163
-1.228814,-0.550847,5.798761
-1.228814,-0.466102,5.753359
-1.228814,-0.381356,5.715670
-1.228814,-0.296610,5.679402
-1.228814,-0.211864,5.643135
-1.228814,-0.127119,5.606867
-1.228814,-0.042373,5.570600
-1.228814,0.042373,5.534332
-1.228814,0.127119,5.498065
-1.228814,0.211864,5.464779
-1.228814,0.296610,5.441188
-1.228814,0.381356,5.417597
-1.228814,0.466102,5.394006
-1.228814,0.550847,5.370415
-1.228814,0.635593,5.346824
-1.228814,0.720339,5.323233
-1.228814,0.805085,5.311006
-1.228814,0.889831,5.302800
-1.228814,0.974576,5.294595
-1.228814,1.059322,5.286390
-1.228814,1.144068,5.278184
-1.228814,1.228814,5.269985
-1.228814,1.313559,5.278190
-1.228814,1.398305,5.286396
-1.228814,1.483051,5.294601
-1.228814,1.567797,5.302806
-1.228814,1.652542,5.311012
-1.228814,1.737288,5.323109
-1.228814,1.822034,5.346700
-1.228814,1.906780,5.370291
-1.228814,1.991525,5.393882
-1.228814,2.076271,5.417473
-1.228814,2.161017,5.441064
-1.228814,2.245763,5.464655
-1.228814,2.330508,5.498052
-1.228814,2.415254,5.534320
-1.228814,2.500000,5.570587
_Enter
_Polyline
-1.144068,-2.500000,6.869802
-1.144068,-2.415254,6.818795
-1.144068,-2.330508,6.767788
-1.144068,-2.245763,6.716780
-1.144068,-2.161017,6.665773
-1.144068,-2.076271,6.614766
-1.144068,-1.991525,6.563758
-1.144068,-1.906780,6.512751
-1.144068,-1.822034,6.461744
-1.144068,-1.737288,6.410737
-1.144068,-1.652542,6.359729
-1.144068,-1.567797,6.308722
-1.144068,-1.483051,6.257715
-1.144068,-1.398305,6.207379
-1.144068,-1.313559,6.161977
-1.144068,-1.228814,6.116575
-1.144068,-1.144068,6.071173
-1.144068,-1.059322,6.025771
-1.144068,-0.974576,5.980369
-1.144068,-0.889831,5.934967
-1.144068,-0.805085,5.889565
-1.144068,-0.720339,5.844163
-1.144068,-0.635593,5.798761
-1.144068,-0.550847,5.753359
-1.144068,-0.466102,5.715670
-1.144068,-0.381356,5.679402
-1.144068,-0.296610,5.643135
-1.144068,-0.211864,5.606867
-1.144068,-0.127119,5.570600
-1.144068,-0.042373,5.534332
-1.144068,0.042373,5.498065
-1.144068,0.127119,5.464779
-1.144068,0.211864,5.441188
-1.144068,0.296610,5.417597
-1.144068,0.381356,5.394006
-1.144068,0.466102,5.370415
-1.144068,0.550847,5.346824
-1.144068,0.635593,5.323233
-1.144068,0.720339,5.311006
-1.144068,0.805085,5.302800
-1.144068,0.889831,5.294595
-1.144068,0.974576,5.286390
-1.144068,1.059322,5.278184
-1.144068,1.144068,5.269985
-1.144068,1.228814,5.278190
-1.144068,1.313559,5.286396
-1.144068,1.398305,5.294601
-1.144068,1.483051,5.302806
-1.144068,1.567797,5.311012
-1.144068,1.652542,5.323109
-1.144068,1.737288,5.346700
-1.144068,1.822034,5.370291
-1.144068,1.906780,5.393882
-1.144068,1.991525,5.417473
-1.144068,2.076271,5.441064
-1.144068,2.161017,5.464655
-1.144068,2.245763,5.498052
-1.144068,2.330508,5.534320
-1.144068,2.415254,5.570587
-1.144068,2.500000,5.606854
_Enter
_Polyline
-1.059322,-2.500000,6.818795
-1.059322,-2.415254,6.767788
-1.059322,-2.330508,6.716780
-1.059322,-2.245763,6.665773
-1.059322,-2.161017,6.614766
-1.059322,-2.076271,6.563758
-1.059322,-1.991525,6.512751
-1.059322,-1.906780,6.461744
-1.059322,-1.822034,6.410737
-1.059322,-1.737288,6.359729
-1.059322,-1.652542,6.308722
-1.059322,-1.567797,6.257715
-1.059322,-1.483051,6.207379
-1.059322,-1.398305,6.161977
-1.059322,-1.313559,6.116575
-1.059322,-1.228814,6.071173
-1.059322,-1.144068,6.025771
-1.059322,-1.059322,5.980369
-1.059322,-0.974576,5.934967
-1.059322,-0.889831,5.889565
-1.059322,-0.805085,5.844163
-1.059322,-0.720339,5.798761
-1.059322,-0.635593,5.753359
-1.059322,-0.550847,5.715670
-1.059322,-0.466102,5.679402
-1.059322,-0.381356,5.643135
-1.059322,-0.296610,5.606867
-1.059322,-0.211864,5.570600
-1.059322,-0.127119,5.534332
-1.059322,-0.042373,5.498065
-1.059322,0.042373,5.464779
-1.059322,0.127119,5.441188
-1.059322,0.211864,5.417597
-1.059322,0.296610,5.394006
-1.059322,0.381356,5.370415
-1.059322,0.466102,5.346824
-1.059322,0.550847,5.323233
-1.059322,0.635593,5.311006
-1.059322,0.720339,5.302800
-1.059322,0.805085,5.294595
-1.059322,0.889831,5.286390
-1.059322,0.974576,5.278184
-1.059322,1.059322,5.269985
-1.059322,1.144068,5.278190
-1.059322,1.228814,5.286396
-1.059322,1.313559,5.294601
-1.059322,1.398305,5.302806
-1.059322,1.483051,5.311012
-1.059322,1.567797,5.323109
-1.059322,1.652542,5.346700
-1.059322,1.737288,5.370291
-1.059322,1.822034,5.393882
-1.059322,1.906780,5.417473
-1.059322,1.991525,5.441064
-1.059322,2.076271,5.464655
-1.059322,2.161017,5.498052
-1.059322,2.245763,5.534320
-1.059322,2.330508,5.570587
-1.059322,2.415254,5.606854
-1.059322,2.500000,5.643122
_Enter
_Polyline
-0.974576,-2.500000,6.767788
-0.974576,-2.415254,6.716780
-0.974576,-2.330508,6.665773
-0.974576,-2.245763,6.614766
-0.974576,-2.161017,6.563758
-0.974576,-2.076271,6.512751
-0.974576,-1.991525,6.461744
-0.974576,-1.906780,6.410737
-0.974576,-1.822034,6.359729
-0.974576,-1.737288,6.308722
-0.974576,-1.652542,6.257715
-0.974576,-1.567797,6.207379
-0.974576,-1.483051,6.161977
-0.974576,-1.398305,6.116575
-0.974576,-1.313559,6.071173
-0.974576,-1.228814,6.025771
-0.974576,-1.144068,5.980369
-0.974576,-1.059322,5.934967
-0.974576,-0.974576,5.889565
-0.974576,-0.889831,5.844163
-0.974576,-0.805085,5.798761
-0.974576,-0.720339,5.753359
-0.974576,-0.635593,5.715670
-0.974576,-0.550847,5.679402
-0.974576,-0.466102,5.643135
-0.974576,-0.381356,5.606867
-0.974576,-0.296610,5.570600
-0.974576,-0.211864,5.534332
-0.974576,-0.127119,5.498065
-0.974576,-0.042373,5.464779
-0.974576,0.042373,5.441188
-0.974576,0.127119,5.417597
-0.974576,0.211864,5.394006
-0.974576,0.296610,5.370415
-0.974576,0.381356,5.346824
-0.974576,0.466102,5.323233
-0.974576,0.550847,5.311006
-0.974576,0.635593,5.302800
-0.974576,0.720339,5.294595
-0.974576,0.805085,5.286390
-0.974576,0.889831,5.278184
-0.974576,0.974576,5.269985
-0.974576,1.059322,5.278190
-0.974576,1.144068,5.286396
-0.974576,1.228814,5.294601
-0.974576,1.313559,5.302806
-0.974576,1.398305,5.311012
-0.974576,1.483051,5.323109
-0.974576,1.567797,5.346700
-0.974576,1.652542,5.370291
-0.974576,1.737288,5.393882
-0.974576,1.822034,5.417473
-0.974576,1.906780,5.441064
-0.974576,1.991525,5.464655
-0.974576,2.076271,5.498052
-0.974576,2.161017,5.534320
-0.974576,2.245763,5.570587
-0.974576,2.330508,5.606854
-0.974576,2.415254,5.643122
-0.974576,2.500000,5.679389
_Enter
_Polyline
-0.889831,-2.500000,6.716780
-0.889831,-2.415254,6.665773
-0.889831,-2.330508,6.614766
-0.889831,-2.245763,6.563758
-0.889831,-2.161017,6.512751
-0.889831,-2.076271,6.461744
-0.889831,-1.991525,6.410737
-0.889831,-1.906780,6.359729
-0.889831,-1.822034,6.308722
-0.889831,-1.737288,6.257715
-0.889831,-1.652542,6.207379
-0.889831,-1.567797,6.161977
-0.889831,-1.483051,6.116575
-0.889831,-1.398305,6.071173
-0.889831,-1.313559,6.025771
-0.889831,-1.228814,5.980369
-0.889831,-1.144068,5.934967
-0.889831,-1.059322,5.889565
-0.889831,-0.974576,5.844163
-0.889831,-0.889831,5.798761
-0.889831,-0.805085,5.753359
-0.889831,-0.720339,5.715670
-0.889831,-0.635593,5.679402
-0.889831,-0.550847,5.643135
-0.889831,-0.466102,5.606867
-0.889831,-0.381356,5.570600
-0.889831,-0.296610,5.534332
-0.889831,-0.211864,5.498065
-0.889831,-0.127119,5.464779
-0.889831,-0.042373,5.441188
-0.889831,0.042373,5.417597
-0.889831,0.127119,5.394006
-0.889831,0.211864,5.370415
-0.889831,0.296610,5.346824
-0.889831,0.381356,5.323233
-0.889831,0.466102,5.311006
-0.889831,0.550847,5.302800
-0.889831,0.635593,5.294595
-0.889831,0.720339,5.286390
-0.889831,0.805085,5.278184
-0.889831,0.889831,5.269985
-0.889831,0.974576,5.278190
-0.889831,1.059322,5.286396
-0.889831,1.144068,5.294601
-0.889831,1.228814,5.302806
-0.889831,1.313559,5.311012
-0.889831,1.398305,5.323109
-0.889831,1.483051,5.346700
-0.889831,1.567797,5.370291
-0.889831,1.652542,5.393882
-0.889831,1.737288,5.417473
-0.889831,1.822034,5.441064
-0.889831,1.906780,5.464655
-0.889831,1.991525,5.498052
-0.889831,2.076271,5.534320
-0.889831,2.161017,5.570587
-0.889831,2.245763,5.606854
-0.889831,2.330508,5.643122
-0.889831,2.415254,5.679389
-0.889831,2.500000,5.715657
_Enter
_Polyline
-0.805085,-2.500000,6.665773
-0.805085,-2.415254,6.614766
-0.805085,-2.330508,6.563758
-0.805085,-2.245763,6.512751
-0.805085,-2.161017,6.461744
-0.805085,-2.076271,6.410737
-0.805085,-1.991525,6.359729
-0.805085,-1.906780,6.308722
-0.805085,-1.822034,6.257715
-0.805085,-1.737288,6.207379
-0.805085,-1.652542,6.161977
-0.805085,-1.567797,6.116575
-0.805085,-1.483051,6.071173
-0.805085,-1.398305,6.025771
-0.805085,-1.313559,5.980369
-0.805085,-1.228814,5.934967
-0.805085,-1.144068,5.889565
-0.805085,-1.059322,5.844163
-0.805085,-0.974576,5.798761
-0.805085,-0.889831,5.753359
-0.805085,-0.805085,5.715670
-0.805085,-0.720339,5.679402
-0.805085,-0.635593,5.643135
-0.805085,-0.550847,5.606867
-0.805085,-0.466102,5.570600
-0.805085,-0.381356,5.534332
-0.805085,-0.296610,5.498065
-0.805085,-0.211864,5.464779
-0.805085,-0.127119,5.441188
-0.805085,-0.042373,5.417597
-0.805085,0.042373,5.394006
-0.805085,0.127119,5.370415
-0.805085,0.211864,5.346824
-0.805085,0.296610,5.323233
-0.805085,0.381356,5.311006
-0.805085,0.466102,5.302800
-0.805085,0.550847,5.294595
-0.805085,0.635593,5.286390
-0.805085,0.720339,5.278184
-0.805085,0.805085,5.269985
-0.805085,0.889831,5.278190
-0.805085,0.974576,5.286396
-0.805085,1.059322,5.294601
-0.805085,1.144068,5.302806
-0.805085,1.228814,5.311012
-0.805085,1.313559,5.323109
-0.805085,1.398305,5.346700
-0.805085,1.483051,5.370291
-0.805085,1.567797,5.393882
-0.805085,1.652542,5.417473
-0.805085,1.737288,5.441064
-0.805085,1.822034,5.464655
-0.805085,1.906780,5.498052
-0.805085,1.991525,5.534320
-0.805085,2.076271,5.570587
-0.805085,2.161017,5.606854
-0.805085,2.245763,5.643122
-0.805085,2.330508,5.679389
-0.805085,2.415254,5.715657
-0.805085,2.500000,5.753354
_Enter
_Polyline
-0.720339,-2.500000,6.614766
-0.720339,-2.415254,6.563758
-0.720339,-2.330508,6.512751
-0.720339,-2.245763,6.461744
-0.720339,-2.161017,6.410737
-0.720339,-2.076271,6.359729
-0.720339,-1.991525,6.308722
-0.720339,-1.906780,6.257715
-0.720339,-1.822034,6.207379
-0.720339,-1.737288,6.161977
-0.720339,-1.652542,6.116575
-0.720339,-1.567797,6.071173
-0.720339,-1.483051,6.025771
-0.720339,-1.398305,5.980369
-0.720339,-1.313559,5.934967
-0.720339,-1.228814,5.889565
-0.720339,-1.144068,5.844163
-0.720339,-1.059322,5.798761
-0.720339,-0.974576,5.753359
-0.720339,-0.889831,5.715670
-0.720339,-0.805085,5.679402
-0.720339,-0.720339,5.643135
-0.720339,-0.635593,5.606867
-0.720339,-0.550847,5.570600
-0.720339,-0.466102,5.534332
-0.720339,-0.381356,5.498065
-0.720339,-0.296610,5.464779
-0.720339,-0.211864,5.441188
-0.720339,-0.127119,5.417597
-0.720339,-0.042373,5.394006
-0.720339,0.042373,5.370415
-0.720339,0.127119,5.346824
-0.720339,0.211864,5.323233
-0.720339,0.296610,5.311006
-0.720339,0.381356,5.302800
-0.720339,0.466102,5.294595
-0.720339,0.550847,5.286390
-0.720339,0.635593,5.278184
-0.720339,0.720339,5.269985
-0.720339,0.805085,5.278190
-0.720339,0.889831,5.286396
-0.720339,0.974576,5.294601
-0.720339,1.059322,5.302806
-0.720339,1.144068,5.311012
-0.720339,1.228814,5.323109
-0.720339,1.313559,5.346700
-0.720339,1.398305,5.370291
-0.720339,1.483051,5.393882
-0.720339,1.567797,5.417473
-0.720339,1.652542,5.441064
-0.720339,1.737288,5.464655
-0.720339,1.822034,5.498052
-0.720339,1.906780,5.534320
-0.720339,1.991525,5.570587
-0.720339,2.076271,5.606854
-0.720339,2.161017,5.643122
-0.720339,2.245763,5.679389
-0.720339,2.330508,5.715657
-0.720339,2.415254,5.753354
-0.720339,2.500000,5.798756
_Enter
_Polyline
-0.635593,-2.500000,6.563758
-0.635593,-2.415254,6.512751
-0.635593,-2.330508,6.461744
-0.635593,-2.245763,6.410737
-0.635593,-2.161017,6.359729
-0.635593,-2.076271,6.308722
-0.635593,-1.991525,6.257715
-0.635593,-1.906780,6.207379
-0.635593,-1.822034,6.161977
-0.635593,-1.737288,6.116575
-0.635593,-1.652542,6.071173
-0.635593,-1.567797,6.025771
-0.635593,-1.483051,5.980369
-0.635593,-1.398305,5.934967
-0.635593,-1.313559,5.889565
-0.635593,-1.228814,5.844163
-0.635593,-1.144068,5.798761
-0.635593,-1.059322,5.753359
-0.635593,-0.974576,5.715670
-0.635593,-0.889831,5.679402
-0.635593,-0.805085,5.643135
-0.635593,-0.720339,5.606867
-0.635593,-0.635593,5.570600
-0.635593,-0.550847,5.534332
-0.635593,-0.466102,5.498065
-0.635593,-0.381356,5.464779
-0.635593,-0.296610,5.441188
-0.635593,-0.211864,5.417597
-0.635593,-0.127119,5.394006
-0.635593,-0.042373,5.370415
-0.635593,0.042373,5.346824
-0.635593,0.127119,5.323233
-0.635593,0.211864,5.311006
-0.635593,0.296610,5.302800
-0.635593,0.381356,5.294595
-0.635593,0.466102,5.286390
-0.635593,0.550847,5.278184
-0.635593,0.635593,5.269985
-0.635593,0.720339,5.278190
-0.635593,0.805085,5.286396
-0.635593,0.889831,5.294601
-0.635593,0.974576,5.302806
-0.635593,1.059322,5.311012
-0.635593,1.144068,5.323109
-0.635593,1.228814,5.346700
-0.635593,1.313559,5.370291
-0.635593,1.398305,5.393882
-0.635593,1.483051,5.417473
-0.635593,1.567797,5.441064
-0.635593,1.652542,5.464655
-0.635593,1.737288,5.498052
-0.635593,1.822034,5.534320
-0.635593,1.906780,5.570587
-0.635593,1.991525,5.606854
-0.635593,2.076271,5.643122
-0.635593,2.161017,5.679389
-0.635593,2.245763,5.715657
-0.635593,2.330508,5.753354
-0.635593,2.415254,5.798756
-0.635593,2.500000,5.844158
_Enter
_Polyline
-0.550847,-2.500000,6.512751
-0.550847,-2.415254,6.461744
-0.550847,-2.330508,6.410737
-0.550847,-2.245763,6.359729
-0.550847,-2.161017,6.308722
-0.550847,-2.076271,6.257715
-0.550847,-1.991525,6.207379
-0.550847,-1.906780,6.161977
-0.550847,-1.822034,6.116575
-0.550847,-1.737288,6.071173
-0.550847,-1.652542,6.025771
-0.550847,-1.567797,5.980369
-0.550847,-1.483051,5.934967
-0.550847,-1.398305,5.889565
-0.550847,-1.313559,5.844163
-0.550847,-1.228814,5.798761
-0.550847,-1.144068,5.753359
-0.550847,-1.059322,5.715670
-0.550847,-0.974576,5.679402
-0.550847,-0.889831,5.643135
-0.550847,-0.805085,5.606867
-0.550847,-0.720339,5.570600
-0.550847,-0.635593,5.534332
-0.550847,-0.550847,5.498065
-0.550847,-0.466102,5.464779
-0.550847,-0.381356,5.441188
-0.550847,-0.296610,5.417597
-0.550847,-0.211864,5.394006
-0.550847,-0.127119,5.370415
-0.550847,-0.042373,5.346824
-0.550847,0.042373,5.323233
-0.550847,0.127119,5.311006
-0.550847,0.211864,5.302800
-0.550847,0.296610,5.294595
-0.550847,0.381356,5.286390
-0.550847,0.466102,5.278184
-0.550847,0.550847,5.269985
-0.550847,0.635593,5.278190
-0.550847,0.720339,5.286396
-0.550847,0.805085,5.294601
-0.550847,0.889831,5.302806
-0.550847,0.974576,5.311012
-0.550847,1.059322,5.323109
-0.550847,1.144068,5.346700
-0.550847,1.228814,5.370291
-0.550847,1.313559,5.393882
-0.550847,1.398305,5.417473
-0.550847,1.483051,5.441064
-0.550847,1.567797,5.464655
-0.550847,1.652542,5.498052
-0.550847,1.737288,5.534320
-0.550847,1.822034,5.570587
-0.550847,1.906780,5.606854
-0.550847,1.991525,5.643122
-0.550847,2.076271,5.679389
-0.550847,2.161017,5.715657
-0.550847,2.245763,5.753354
-0.550847,2.330508,5.798756
-0.550847,2.415254,5.844158
-0.550847,2.500000,5.889560
_Enter
_Polyline
-0.466102,-2.500000,6.461744
-0.466102,-2.415254,6.410737
-0.466102,-2.330508,6.359729
-0.466102,-2.245763,6.308722
-0.466102,-2.161017,6.257715
-0.466102,-2.076271,6.207379
-0.466102,-1.991525,6.161977
-0.466102,-1.906780,6.116575
-0.466102,-1.822034,6.071173
-0.466102,-1.737288,6.025771
-0.466102,-1.652542,5.980369
-0.466102,-1.567797,5.934967
-0.466102,-1.483051,5.889565
-0.466102,-1.398305,5.844163
-0.466102,-1.313559,5.798761
-0.466102,-1.228814,5.753359
-0.466102,-1.144068,5.715670
-0.466102,-1.059322,5.679402
-0.466102,-0.974576,5.643135
-0.466102,-0.889831,5.606867
-0.466102,-0.805085,5.570600
-0.466102,-0.720339,5.534332
-0.466102,-0.635593,5.498065
-0.466102,-0.550847,5.464779
-0.466102,-0.466102,5.441188
-0.466102,-0.381356,5.417597
-0.466102,-0.296610,5.394006
-0.466102,-0.211864,5.370415
-0.466102,-0.127119,5.346824
-0.466102,-0.042373,5.323233
-0.466102,0.042373,5.311006
-0.466102,0.127119,5.302800
-0.466102,0.211864,5.294595
-0.466102,0.296610,5.286390
-0.466102,0.381356,5.278184
-0.466102,0.466102,5.269985
-0.466102,0.550847,5.278190
-0.466102,0.635593,5.286396
-0.466102,0.720339,5.294601
-0.466102,0.805085,5.302806
-0.466102,0.889831,5.311012
-0.466102,0.974576,5.323109
-0.466102,1.059322,5.346700
-0.466102,1.144068,5.370291
-0.466102,1.228814,5.393882
-0.466102,1.313559,5.417473
-0.466102,1.398305,5.441064
-0.466102,1.483051,5.464655
-0.466102,1.567797,5.498052
-0.466102,1.652542,5.534320
-0.466102,1.737288,5.570587
-0.466102,1.822034,5.606854
-0.466102,1.906780,5.643122
-0.466102,1.991525,5.679389
-0.466102,2.076271,5.715657
-0.466102,2.161017,5.753354
-0.466102,2.245763,5.798756
-0.466102,2.330508,5.844158
-0.466102,2.415254,5.889560
-0.466102,2.500000,5.934962
_Enter
_Polyline
-0.381356,-2.500000,6.410737
-0.381356,-2.415254,6.359729
-0.381356,-2.330508,6.308722
-0.381356,-2.245763,6.257715
-0.381356,-2.161017,6.207379
-0.381356,-2.076271,6.161977
-0.381356,-1.991525,6.116575
-0.381356,-1.906780,6.071173
-0.381356,-1.822034,6.025771
-0.381356,-1.737288,5.980369
-0.381356,-1.652542,5.934967
-0.381356,-1.567797,5.889565
-0.381356,-1.483051,5.844163
-0.381356,-1.398305,5.798761
-0.381356,-1.313559,5.753359
-0.381356,-1.228814,5.715670
-0.381356,-1.144068,5.679402
-0.381356,-1.059322,5.643135
-0.381356,-0.974576,5.606867
-0.381356,-0.889831,5.570600
-0.381356,-0.805085,5.534332
-0.381356,-0.720339,5.498065
-0.381356,-0.635593,5.464779
-0.381356,-0.550847,5.441188
-0.381356,-0.466102,5.417597
-0.381356,-0.381356,5.394006
-0.381356,-0.296610,5.370415
-0.381356,-0.211864,5.346824
-0.381356,-0.127119,5.323233
-0.381356,-0.042373,5.311006
-0.381356,0.042373,5.302800
-0.381356,0.127119,5.294595
-0.381356,0.211864,5.286390
-0.381356,0.296610,5.278184
-0.381356,0.381356,5.269985
-0.381356,0.466102,5.278190
-0.381356,0.550847,5.286396
-0.381356,0.635593,5.294601
-0.381356,0.720339,5.302806
-0.381356,0.805085,5.311012
-0.381356,0.889831,5.323109
-0.381356,0.974576,5.346700
-0.381356,1.059322,5.370291
-0.381356,1.144068,5.393882
-0.381356,1.228814,5.417473
-0.381356,1.313559,5.441064
-0.381356,1.398305,5.464655
-0.381356,1.483051,5.498052
-0.381356,1.567797,5.534320
-0.381356,1.652542,5.570587
-0.381356,1.737288,5.606854
-0.381356,1.822034,5.643122
-0.381356,1.906780,5.679389
-0.381356,1.991525,5.715657
-0.381356,2.076271,5.753354
-0.381356,2.161017,5.798756
-0.381356,2.245763,5.844158
-0.381356,2.330508,5.889560
-0.381356,2.415254,5.934962
-0.381356,2.500000,5.980364
_Enter
_Polyline
-0.296610,-2.500000,6.359729
-0.296610,-2.415254,6.308722
-0.296610,-2.330508,6.257715
-0.296610,-2.245763,6.207379
-0.296610,-2.161017,6.161977
-0.296610,-2.076271,6.116575
-0.296610,-1.991525,6.071173
-0.296610,-1.906780,6.025771
-0.296610,-1.822034,5.980369
-0.296610,-1.737288,5.934967
-0.296610,-1.652542,5.889565
-0.296610,-1.567797,5.844163
-0.296610,-1.483051,5.798761
-0.296610,-1.398305,5.753359
-0.296610,-1.313559,5.715670
-0.296610,-1.228814,5.679402
-0.296610,-1.144068,5.643135
-0.296610,-1.059322,5.606867
-0.296610,-0.974576,5.570600
-0.296610,-0.889831,5.534332
-0.296610,-0.805085,5.498065
-0.296610,-0.720339,5.464779
-0.296610,-0.635593,5.441188
-0.296610,-0.550847,5.417597
-0.296610,-0.466102,5.394006
-0.296610,-0.381356,5.370415
-0.296610,-0.296610,5.346824
-0.296610,-0.211864,5.323233
-0.296610,-0.127119,5.311006
-0.296610,-0.042373,5.302800
-0.296610,0.042373,5.294595
-0.296610,0.127119,5.286390
-0.296610,0.211864,5.278184
-0.296610,0.296610,5.269985
-0.296610,0.381356,5.278190
-0.296610,0.466102,5.286396
-0.296610,0.550847,5.294601
-0.296610,0.635593,5.302806
-0.296610,0.720339,5.311012
-0.296610,0.805085,5.323109
-0.296610,0.889831,5.346700
-0.296610,0.974576,5.370291
-0.296610,1.059322,5.393882
-0.296610,1.144068,5.417473
-0.296610,1.228814,5.441064
-0.296610,1.313559,5.464655
-0.296610,1.398305,5.498052
-0.296610,1.483051,5.534320
-0.296610,1.567797,5.570587
-0.296610,1.652542,5.606854
-0.296610,1.737288,5.643122
-0.296610,1.822034,5.679389
-0.296610,1.906780,5.715657
-0.296610,1.991525,5.753354
-0.296610,2.076271,5.798756
-0.296610,2.161017,5.844158
-0.296610,2.245763,5.889560
-0.296610,2.330508,5.934962
-0.296610,2.415254,5.980364
-0.296610,2.500000,6.025766
_Enter
_Polyline
-0.211864,-2.500000,6.308722
-0.211864,-2.415254,6.257715
-0.211864,-2.330508,6.207379
-0.211864,-2.245763,6.161977
-0.211864,-2.161017,6.116575
-0.211864,-2.076271,6.071173
-0.211864,-1.991525,6.025771
-0.211864,-1.906780,5.980369
-0.211864,-1.822034,5.934967
-0.211864,-1.737288,5.889565
-0.211864,-1.652542,5.844163
-0.211864,-1.567797,5.798761
-0.211864,-1.483051,5.753359
-0.211864,-1.398305,5.715670
-0.211864,-1.313559,5.679402
-0.211864,-1.228814,5.643135
-0.211864,-1.144068,5.606867
-0.211864,-1.059322,5.570600
-0.211864,-0.974576,5.534332
-0.211864,-0.889831,5.498065
-0.211864,-0.805085,5.464779
-0.211864,-0.720339,5.441188
-0.211864,-0.635593,5.417597
-0.211864,-0.550847,5.394006
-0.211864,-0.466102,5.370415
-0.211864,-0.381356,5.346824
-0.211864,-0.296610,5.323233
-0.211864,-0.211864,5.311006
-0.211864,-0.127119,5.302800
-0.211864,-0.042373,5.294595
-0.211864,0.042373,5.286390
-0.211864,0.127119,5.278184
-0.211864,0.211864,5.269985
-0.211864,0.296610,5.278190
-0.211864,0.381356,5.286396
-0.211864,0.466102,5.294601
-0.211864,0.550847,5.302806
-0.211864,0.635593,5.311012
-0.211864,0.720339,5.323109
-0.211864,0.805085,5.346700
-0.211864,0.889831,5.370291
-0.211864,0.974576,5.393882
-0.211864,1.059322,5.417473
-0.211864,1.144068,5.441064
-0.211864,1.228814,5.464655
-0.211864,1.313559,5.498052
-0.211864,1.398305,5.534320
-0.211864,1.483051,5.570587
-0.211864,1.567797,5.606854
-0.211864,1.652542,5.643122
-0.211864,1.737288,5.679389
-0.211864,1.822034,5.715657
-0.211864,1.906780,5.753354
-0.211864,1.991525,5.798756
-0.211864,2.076271,5.844158
-0.211864,2.161017,5.889560
-0.211864,2.245763,5.934962
-0.211864,2.330508,5.980364
-0.211864,2.415254,6.025766
-0.211864,2.500000,6.071168
_Enter
_Polyline
-0.127119,-2.500000,6.257715
-0.127119,-2.415254,6.207379
-0.127119,-2.330508,6.161977
-0.127119,-2.245763,6.116575
-0.127119,-2.161017,6.071173
-0.127119,-2.076271,6.025771
-0.127119,-1.991525,5.980369
-0.127119,-1.906780,5.934967
-0.127119,-1.822034,5.889565
-0.127119,-1.737288,5.844163
-0.127119,-1.652542,5.798761
-0.127119,-1.567797,5.753359
-0.127119,-1.483051,5.715670
-0.127119,-1.398305,5.679402
-0.127119,-1.313559,5.643135
-0.127119,-1.228814,5.606867
-0.127119,-1.144068,5.570600
-0.127119,-1.059322,5.534332
-0.127119,-0.974576,5.498065
-0.127119,-0.889831,5.464779
-0.127119,-0.805085,5.441188
-0.127119,-0.720339,5.417597
-0.127119,-0.635593,5.394006
-0.127119,-0.550847,5.370415
-0.127119,-0.466102,5.346824
-0.127119,-0.381356,5.323233
-0.127119,-0.296610,5.311006
-0.127119,-0.211864,5.302800
-0.127119,-0.127119,5.294595
-0.127119,-0.042373,5.286390
-0.127119,0.042373,5.278184
-0.127119,0.127119,5.269985
-0.127119,0.211864,5.278190
-0.127119,0.296610,5.286396
-0.127119,0.381356,5.294601
-0.127119,0.466102,5.302806
-0.127119,0.550847,5.311012
-0.127119,0.635593,5.323109
-0.127119,0.720339,5.346700
-0.127119,0.805085,5.370291
-0.127119,0.889831,5.393882
-0.127119,0.974576,5.417473
-0.127119,1.059322,5.441064
-0.127119,1.144068,5.464655
-0.127119,1.228814,5.498052
-0.127119,1.313559,5.534320
-0.127119,1.398305,5.570587
-0.127119,1.483051,5.606854
-0.127119,1.567797,5.643122
-0.127119,1.652542,5.679389
-0.127119,1.737288,5.715657
-0.127119,1.822034,5.753354
-0.127119,1.906780,5.798756
-0.127119,1.991525,5.844158
-0.127119,2.076271,5.889560
-0.127119,2.161017,5.934962
-0.127119,2.245763,5.980364
-0.127119,2.330508,6.025766
-0.127119,2.415254,6.071168
-0.127119,2.500000,6.116570
_Enter
_Polyline
-0.042373,-2.500000,6.207379
-0.042373,-2.415254,6.161977
-0.042373,-2.330508,6.116575
-0.042373,-2.245763,6.071173
-0.042373,-2.161017,6.025771
-0.042373,-2.076271,5.980369
-0.042373,-1.991525,5.934967
-0.042373,-1.906780,5.889565
-0.042373,-1.822034,5.844163
-0.042373,-1.737288,5.798761
-0.042373,-1.652542,5.753359
-0.042373,-1.567797,5.715670
-0.042373,-1.483051,5.679402
-0.042373,-1.398305,5.643135
-0.042373,-1.313559,5.606867
-0.042373,-1.228814,5.570600
-0.042373,-1.144068,5.534332
-0.042373,-1.059322,5.498065
-0.042373,-0.974576,5.464779
-0.042373,-0.889831,5.441188
-0.042373,-0.805085,5.417597
-0.042373,-0.720339,5.394006
-0.042373,-0.635593,5.370415
-0.042373,-0.550847,5.346824
-0.042373,-0.466102,5.323233
-0.042373,-0.381356,5.311006
-0.042373,-0.296610,5.302800
-0.042373,-0.211864,5.294595
-0.042373,-0.127119,5.286390
-0.042373,-0.042373,5.278184
-0.042373,0.042373,5.269985
-0.042373,0.127119,5.278190
-0.042373,0.211864,5.286396
-0.042373,0.296610,5.294601
-0.042373,0.381356,5.302806
-0.042373,0.466102,5.311012
-0.042373,0.550847,5.323109
-0.042373,0.635593,5.346700
-0.042373,0.720339,5.370291
-0.042373,0.805085,5.393882
-0.042373,0.889831,5.417473
-0.042373,0.974576,5.441064
-0.042373,1.059322,5.464655
-0.042373,1.144068,5.498052
-0.042373,1.228814,5.534320
-0.042373,1.313559,5.570587
-0.042373,1.398305,5.606854
-0.042373,1.483051,5.643122
-0.042373,1.567797,5.679389
-0.042373,1.652542,5.715657
-0.042373,1.737288,5.753354
-0.042373,1.822034,5.798756
-0.042373,1.906780,5.844158
-0.042373,1.991525,5.889560
-0.042373,2.076271,5.934962
-0.042373,2.161017,5.980364
-0.042373,2.245763,6.025766
-0.042373,2.330508,6.071168
-0.042373,2.415254,6.116570
-0.042373,2.500000,6.161972
_Enter
_Polyline
0.042373,-2.500000,6.161977
0.042373,-2.415254,6.116575
0.042373,-2.330508,6.071173
0.042373,-2.245763,6.025771
0.042373,-2.161017,5.980369
0.042373,-2.076271,5.934967
0.042373,-1.991525,5.889565
0.042373,-1.906780,5.844163
0.042373,-1.822034,5.798761
0.042373,-1.737288,5.753359
0.042373,-1.652542,5.715670
0.042373,-1.567797,5.679402
0.042373,-1.483051,5.643135
0.042373,-1.398305,5.606867
0.042373,-1.313559,5.570600
0.042373,-1.228814,5.534332
0.042373,-1.144068,5.498065
0.042373,-1.059322,5.464779
0.042373,-0.974576,5.441188
0.042373,-0.889831,5.417597
0.042373,-0.805085,5.394006
0.042373,-0.720339,5.370415
0.042373,-0.635593,5.346824
0.042373,-0.550847,5.323233
0.042373,-0.466102,5.311006
0.042373,-0.381356,5.302800
0.042373,-0.296610,5.294595
0.042373,-0.211864,5.286390
0.042373,-0.127119,5.278184
0.042373,-0.042373,5.269985
0.042373,0.042373,5.278190
0.042373,0.127119,5.286396
0.042373,0.211864,5.294601
0.042373,0.296610,5.302806
0.042373,0.381356,5.311012
0.042373,0.466102,5.323109
0.042373,0.550847,5.346700
0.042373,0.635593,5.370291
0.042373,0.720339,5.393882
0.042373,0.805085,5.417473
0.042373,0.889831,5.441064
0.042373,0.974576,5.464655
0.042373,1.059322,5.498052
0.042373,1.144068,5.534320
0.042373,1.228814,5.570587
0.042373,1.313559,5.606854
0.042373,1.398305,5.643122
0.042373,1.483051,5.679389
0.042373,1.567797,5.715657
0.042373,1.652542,5.753354
0.042373,1.737288,5.798756
0.042373,1.822034,5.844158
0.042373,1.906780,5.889560
0.042373,1.991525,5.934962
0.042373,2.076271,5.980364
0.042373,2.161017,6.025766
0.042373,2.245763,6.071168
0.042373,2.330508,6.116570
0.042373,2.415254,6.161972
0.042373,2.500000,6.207374
_Enter
_Polyline
0.127119,-2.500000,6.116575
0.127119,-2.415254,6.071173
0.127119,-2.330508,6.025771
0.127119,-2.245763,5.980369
0.127119,-2.161017,5.934967
0.127119,-2.076271,5.889565
0.127119,-1.991525,5.844163
0.127119,-1.906780,5.798761
0.127119,-1.822034,5.753359
0.127119,-1.737288,5.715670
0.127119,-1.652542,5.679402
0.127119,-1.567797,5.643135
0.127119,-1.483051,5.606867
0.127119,-1.398305,5.570600
0.127119,-1.313559,5.534332
0.127119,-1.228814,5.498065
0.127119,-1.144068,5.464779
0.127119,-1.059322,5.441188
0.127119,-0.974576,5.417597
0.127119,-0.889831,5.394006
0.127119,-0.805085,5.370415
0.127119,-0.720339,5.346824
0.127119,-0.635593,5.323233
0.127119,-0.550847,5.311006
0.127119,-0.466102,5.302800
0.127119,-0.381356,5.294595
0.127119,-0.296610,5.286390
0.127119,-0.211864,5.278184
0.127119,-0.127119,5.269985
0.127119,-0.042373,5.278190
0.127119,0.042373,5.286396
0.127119,0.127119,5.294601
0.127119,0.211864,5.302806
0.127119,0.296610,5.311012
0.127119,0.381356,5.323109
0.127119,0.466102,5.346700
0.127119,0.550847,5.370291
0.127119,0.635593,5.393882
0.127119,0.720339,5.417473
0.127119,0.805085,5.441064
0.127119,0.889831,5.464655
0.127119,0.974576,5.498052
0.127119,1.059322,5.534320
0.127119,1.144068,5.570587
0.127119,1.228814,5.606854
0.127119,1.313559,5.643122
0.127119,1.398305,5.679389
0.127119,1.483051,5.715657
0.127119,1.567797,5.753354
0.127119,1.652542,5.798756
0.127119,1.737288,5.844158
0.127119,1.822034,5.889560
0.127119,1.906780,5.934962
0.127119,1.991525,5.980364
0.127119,2.076271,6.025766
0.127119,2.161017,6.071168
0.127119,2.245763,6.116570
0.127119,2.330508,6.161972
0.127119,2.415254,6.207374
0.127119,2.500000,6.257727
_Enter
_Polyline
0.211864,-2.500000,6.071173
0.211864,-2.415254,6.025771
0.211864,-2.330508,5.980369
0.211864,-2.245763,5.934967
0.211864,-2.161017,5.889565
0.211864,-2.076271,5.844163
0.211864,-1.991525,5.798761
0.211864,-1.906780,5.753359
0.211864,-1.822034,5.715670
0.211864,-1.737288,5.679402
0.211864,-1.652542,5.643135
0.211864,-1.567797,5.606867
0.211864,-1.483051,5.570600
0.211864,-1.398305,5.534332
0.211864,-1.313559,5.498065
0.211864,-1.228814,5.464779
0.211864,-1.144068,5.441188
0.211864,-1.059322,5.417597
0.211864,-0.974576,5.394006
0.211864,-0.889831,5.370415
0.211864,-0.805085,5.346824
0.211864,-0.720339,5.323233
0.211864,-0.635593,5.311006
0.211864,-0.550847,5.302800
0.211864,-0.466102,5.294595
0.211864,-0.381356,5.286390
0.211864,-0.296610,5.278184
0.211864,-0.211864,5.269985
0.211864,-0.127119,5.278190
0.211864,-0.042373,5.286396
0.211864,0.042373,5.294601
0.211864,0.127119,5.302806
0.211864,0.211864,5.311012
0.211864,0.296610,5.323109
0.211864,0.381356,5.346700
0.211864,0.466102,5.370291
0.211864,0.550847,5.393882
0.211864,0.635593,5.417473
0.211864,0.720339,5.441064
0.211864,0.805085,5.464655
0.211864,0.889831,5.498052
0.211864,0.974576,5.534320
0.211864,1.059322,5.570587
0.211864,1.144068,5.606854
0.211864,1.228814,5.643122
0.211864,1.313559,5.679389
0.211864,1.398305,5.715657
0.211864,1.483051,5.753354
0.211864,1.567797,5.798756
0.211864,1.652542,5.844158
0.211864,1.737288,5.889560
0.211864,1.822034,5.934962
0.211864,1.906780,5.980364
0.211864,1.991525,6.025766
0.211864,2.076271,6.071168
0.211864,2.161017,6.116570
0.211864,2.245763,6.161972
0.211864,2.330508,6.207374
0.211864,2.415254,6.257727
0.211864,2.500000,6.308734
_Enter
_Polyline
0.296610,-2.500000,6.025771
0.296610,-2.415254,5.980369
0.296610,-2.330508,5.934967
0.296610,-2.245763,5.889565
0.296610,-2.161017,5.844163
0.296610,-2.076271,5.798761
0.296610,-1.991525,5.753359
0.296610,-1.906780,5.715670
0.296610,-1.822034,5.679402
0.296610,-1.737288,5.643135
0.296610,-1.652542,5.606867
0.296610,-1.567797,5.570600
0.296610,-1.483051,5.534332
0.296610,-1.398305,5.498065
0.296610,-1.313559,5.464779
0.296610,-1.228814,5.441188
0.296610,-1.144068,5.417597
0.296610,-1.059322,5.394006
0.296610,-0.974576,5.370415
0.296610,-0.889831,5.346824
0.296610,-0.805085,5.323233
0.296610,-0.720339,5.311006
0.296610,-0.635593,5.302800
0.296610,-0.550847,5.294595
0.296610,-0.466102,5.286390
0.296610,-0.381356,5.278184
0.296610,-0.296610,5.269985
0.296610,-0.211864,5.278190
0.296610,-0.127119,5.286396
0.296610,-0.042373,5.294601
0.296610,0.042373,5.302806
0.296610,0.127119,5.311012
0.296610,0.211864,5.323109
0.296610,0.296610,5.346700
0.296610,0.381356,5.370291
0.296610,0.466102,5.393882
0.296610,0.550847,5.417473
0.296610,0.635593,5.441064
0.296610,0.720339,5.464655
0.296610,0.805085,5.498052
0.296610,0.889831,5.534320
0.296610,0.974576,5.570587
0.296610,1.059322,5.606854
0.296610,1.144068,5.643122
0.296610,1.228814,5.679389
0.296610,1.313559,5.715657
0.296610,1.398305,5.753354
0.296610,1.483051,5.798756
0.296610,1.567797,5.844158
0.296610,1.652542,5.889560
0.296610,1.737288,5.934962
0.296610,1.822034,5.980364
0.296610,1.906780,6.025766
0.296610,1.991525,6.071168
0.296610,2.076271,6.116570
0.296610,2.161017,6.161972
0.296610,2.245763,6.207374
0.296610,2.330508,6.257727
0.296610,2.415254,6.308734
0.296610,2.500000,6.359742
_Enter
_Polyline
0.381356,-2.500000,5.980369
0.381356,-2.415254,5.934967
0.381356,-2.330508,5.889565
0.381356,-2.245763,5.844163
0.381356,-2.161017,5.798761
0.381356,-2.076271,5.753359
0.381356,-1.991525,5.715670
0.381356,-1.906780,5.679402
0.381356,-1.822034,5.643135
0.381356,-1.737288,5.606867
0.381356,-1.652542,5.570600
0.381356,-1.567797,5.534332
0.381356,-1.483051,5.498065
0.381356,-1.398305,5.464779
0.381356,-1.313559,5.441188
0.381356,-1.228814,5.417597
0.381356,-1.144068,5.394006
0.381356,-1.059322,5.370415
0.381356,-0.974576,5.346824
0.381356,-0.889831,5.323233
0.381356,-0.805085,5.311006
0.381356,-0.720339,5.302800
0.381356,-0.635593,5.294595
0.381356,-0.550847,5.286390
0.381356,-0.466102,5.278184
0.381356,-0.381356,5.269985
0.381356,-0.296610,5.278190
0.381356,-0.211864,5.286396
0.381356,-0.127119,5.294601
0.381356,-0.042373,5.302806
0.381356,0.042373,5.311012
0.381356,0.127119,5.323109
0.381356,0.211864,5.346700
0.381356,0.296610,5.370291
0.381356,0.381356,5.393882
0.381356,0.466102,5.417473
0.381356,0.550847,5.441064
0.381356,0.635593,5.464655
0.381356,0.720339,5.498052
0.381356,0.805085,5.534320
0.381356,0.889831,5.570587
0.381356,0.974576,5.606854
0.381356,1.059322,5.643122
0.381356,1.144068,5.679389
0.381356,1.228814,5.715657
0.381356,1.313559,5.753354
0.381356,1.398305,5.798756
0.381356,1.483051,5.844158
0.381356,1.567797,5.889560
0.381356,1.652542,5.934962
0.381356,1.737288,5.980364
0.381356,1.822034,6.025766
0.381356,1.906780,6.071168
0.381356,1.991525,6.116570
0.381356,2.076271,6.161972
0.381356,2.161017,6.207374
0.381356,2.245763,6.257727
0.381356,2.330508,6.308734
0.381356,2.415254,6.359742
0.381356,2.500000,6.410749
_Enter
_Polyline
0.466102,-2.500000,5.934967
0.466102,-2.415254,5.889565
0.466102,-2.330508,5.844163
0.466102,-2.245763,5.798761
0.466102,-2.161017,5.753359
0.466102,-2.076271,5.715670
0.466102,-1.991525,5.679402
0.466102,-1.906780,5.643135
0.466102,-1.822034,5.606867
0.466102,-1.737288,5.570600
0.466102,-1.652542,5.534332
0.466102,-1.567797,5.498065
0.466102,-1.483051,5.464779
0.466102,-1.398305,5.441188
0.466102,-1.313559,5.417597
0.466102,-1.228814,5.394006
0.466102,-1.144068,5.370415
0.466102,-1.059322,5.346824
0.466102,-0.974576,5.323233
0.466102,-0.889831,5.311006
0.466102,-0.805085,5.302800
0.466102,-0.720339,5.294595
0.466102,-0.635593,5.286390
0.466102,-0.550847,5.278184
0.466102,-0.466102,5.269985
0.466102,-0.381356,5.278190
0.466102,-0.296610,5.286396
0.466102,-0.211864,5.294601
0.466102,-0.127119,5.302806
0.466102,-0.042373,5.311012
0.466102,0.042373,5.323109
0.466102,0.127119,5.346700
0.466102,0.211864,5.370291
0.466102,0.296610,5.393882
0.466102,0.381356,5.417473
0.466102,0.466102,5.441064
0.466102,0.550847,5.464655
0.466102,0.635593,5.498052
0.466102,0.720339,5.534320
0.466102,0.805085,5.570587
0.466102,0.889831,5.606854
0.466102,0.974576,5.643122
0.466102,1.059322,5.679389
0.466102,1.144068,5.715657
0.466102,1.228814,5.753354
0.466102,1.313559,5.798756
0.466102,1.398305,5.844158
0.466102,1.483051,5.889560
0.466102,1.567797,5.934962
0.466102,1.652542,5.980364
0.466102,1.737288,6.025766
0.466102,1.822034,6.071168
0.466102,1.906780,6.116570
0.466102,1.991525,6.161972
0.466102,2.076271,6.207374
0.466102,2.161017,6.257727
0.466102,2.245763,6.308734
0.466102,2.330508,6.359742
0.466102,2.415254,6.410749
0.466102,2.500000,6.461756
_Enter
_Polyline
0.550847,-2.500000,5.889565
0.550847,-2.415254,5.844163
0.550847,-2.330508,5.798761
0.550847,-2.245763,5.753359
0.550847,-2.161017,5.715670
0.550847,-2.076271,5.679402
0.550847,-1.991525,5.643135
0.550847,-1.906780,5.606867
0.550847,-1.822034,5.570600
0.550847,-1.737288,5.534332
0.550847,-1.652542,5.498065
0.550847,-1.567797,5.464779
0.550847,-1.483051,5.441188
0.550847,-1.398305,5.417597
0.550847,-1.313559,5.394006
0.550847,-1.228814,5.370415
0.550847,-1.144068,5.346824
0.550847,-1.059322,5.323233
0.550847,-0.974576,5.311006
0.550847,-0.889831,5.302800
0.550847,-0.805085,5.294595
0.550847,-0.720339,5.286390
0.550847,-0.635593,5.278184
0.550847,-0.550847,5.269985
0.550847,-0.466102,5.278190
0.550847,-0.381356,5.286396
0.550847,-0.296610,5.294601
0.550847,-0.211864,5.302806
0.550847,-0.127119,5.311012
0.550847,-0.042373,5.323109
0.550847,0.042373,5.346700
0.550847,0.127119,5.370291
0.550847,0.211864,5.393882
0.550847,0.296610,5.417473
0.550847,0.381356,5.441064
0.550847,0.466102,5.464655
0.550847,0.550847,5.498052
0.550847,0.635593,5.534320
0.550847,0.720339,5.570587
0.550847,0.805085,5.606854
0.550847,0.889831,5.643122
0.550847,0.974576,5.679389
0.550847,1.059322,5.715657
0.550847,1.144068,5.753354
0.550847,1.228814,5.798756
0.550847,1.313559,5.844158
0.550847,1.398305,5.889560
0.550847,1.483051,5.934962
0.550847,1.567797,5.980364
0.550847,1.652542,6.025766
0.550847,1.737288,6.071168
0.550847,1.822034,6.116570
0.550847,1.906780,6.161972
0.550847,1.991525,6.207374
0.550847,2.076271,6.257727
0.550847,2.161017,6.308734
0.550847,2.245763,6.359742
0.550847,2.330508,6.410749
0.550847,2.415254,6.461756
0.550847,2.500000,6.512764
_Enter
_Polyline
0.635593,-2.500000,5.844163
0.635593,-2.415254,5.798761
0.635593,-2.330508,5.753359
0.635593,-2.245763,5.715670
0.635593,-2.161017,5.679402
0.635593,-2.076271,5.643135
0.635593,-1.991525,5.606867
0.635593,-1.906780,5.570600
0.635593,-1.822034,5.534332
0.635593,-1.737288,5.498065
0.635593,-1.652542,5.464779
0.635593,-1.567797,5.441188
0.635593,-1.483051,5.417597
0.635593,-1.398305,5.394006
0.635593,-1.313559,5.370415
0.635593,-1.228814,5.346824
0.635593,-1.144068,5.323233
0.635593,-1.059322,5.311006
0.635593,-0.974576,5.302800
0.635593,-0.889831,5.294595
0.635593,-0.805085,5.286390
0.635593,-0.720339,5.278184
0.635593,-0.635593,5.269985
0.635593,-0.550847,5.278190
0.635593,-0.466102,5.286396
0.635593,-0.381356,5.294601
0.635593,-0.296610,5.302806
0.635593,-0.211864,5.311012
0.635593,-0.127119,5.323109
0.635593,-0.042373,5.346700
0.635593,0.042373,5.370291
0.635593,0.127119,5.393882
0.635593,0.211864,5.417473
0.635593,0.296610,5.441064
0.635593,0.381356,5.464655
0.635593,0.466102,5.498052
0.635593,0.550847,5.534320
0.635593,0.635593,5.570587
0.635593,0.720339,5.606854
0.635593,0.805085,5.643122
0.635593,0.889831,5.679389
0.635593,0.974576,5.715657
0.635593,1.059322,5.753354
0.635593,1.144068,5.798756
0.635593,1.228814,5.844158
0.635593,1.313559,5.889560
0.635593,1.398305,5.934962
0.635593,1.483051,5.980364
0.635593,1.567797,6.025766
0.635593,1.652542,6.071168
0.635593,1.737288,6.116570
0.635593,1.822034,6.161972
0.635593,1.906780,6.207374
0.635593,1.991525,6.257727
0.635593,2.076271,6.308734
0.635593,2.161017,6.359742
0.635593,2.245763,6.410749
0.635593,2.330508,6.461756
0.635593,2.415254,6.512764
0.635593,2.500000,6.563771
_Enter
_Polyline
0.720339,-2.500000,5.798761
0.720339,-2.415254,5.753359
0.720339,-2.330508,5.715670
0.720339,-2.245763,5.679402
0.720339,-2.161017,5.643135
0.720339,-2.076271,5.606867
0.720339,-1.991525,5.570600
0.720339,-1.906780,5.534332
0.720339,-1.822034,5.498065
0.720339,-1.737288,5.464779
0.720339,-1.652542,5.441188
0.720339,-1.567797,5.417597
0.720339,-1.483051,5.394006
0.720339,-1.398305,5.370415
0.720339,-1.313559,5.346824
0.720339,-1.228814,5.323233
0.720339,-1.144068,5.311006
0.720339,-1.059322,5.302800
0.720339,-0.974576,5.294595
0.720339,-0.889831,5.286390
0.720339,-0.805085,5.278184
0.720339,-0.720339,5.269985
0.720339,-0.635593,5.278190
0.720339,-0.550847,5.286396
0.720339,-0.466102,5.294601
0.720339,-0.381356,5.302806
0.720339,-0.296610,5.311012
0.720339,-0.211864,5.323109
0.720339,-0.127119,5.346700
0.720339,-0.042373,5.370291
0.720339,0.042373,5.393882
0.720339,0.127119,5.417473
0.720339,0.211864,5.441064
0.720339,0.296610,5.464655
0.720339,0.381356,5.498052
0.720339,0.466102,5.534320
0.720339,0.550847,5.570587
0.720339,0.635593,5.606854
0.720339,0.720339,5.643122
0.720339,0.805085,5.679389
0.720339,0.889831,5.715657
0.720339,0.974576,5.753354
0.720339,1.059322,5.798756
0.720339,1.144068,5.844158
0.720339,1.228814,5.889560
0.720339,1.313559,5.934962
0.720339,1.398305,5.980364
0.720339,1.483051,6.025766
0.720339,1.567797,6.071168
0.720339,1.652542,6.116570
0.720339,1.737288,6.161972
0.720339,1.822034,6.207374
0.720339,1.906780,6.257727
0.720339,1.991525,6.308734
0.720339,2.076271,6.359742
0.720339,2.161017,6.410749
0.720339,2.245763,6.461756
0.720339,2.330508,6.512764
0.720339,2.415254,6.563771
0.720339,2.500000,6.614778
_Enter
_Polyline
0.805085,-2.500000,5.753359
0.805085,-2.415254,5.715670
0.805085,-2.330508,5.679402
0.805085,-2.245763,5.643135
0.805085,-2.161017,5.606867
0.805085,-2.076271,5.570600
0.805085,-1.991525,5.534332
0.805085,-1.906780,5.498065
0.805085,-1.822034,5.464779
0.805085,-1.737288,5.441188
0.805085,-1.652542,5.417597
0.805085,-1.567797,5.394006
0.805085,-1.483051,5.370415
0.805085,-1.398305,5.346824
0.805085,-1.313559,5.323233
0.805085,-1.228814,5.311006
0.805085,-1.144068,5.302800
0.805085,-1.059322,5.294595
0.805085,-0.974576,5.286390
0.805085,-0.889831,5.278184
0.805085,-0.805085,5.269985
0.805085,-0.720339,5.278190
0.805085,-0.635593,5.286396
0.805085,-0.550847,5.294601
0.805085,-0.466102,5.302806
0.805085,-0.381356,5.311012
0.805085,-0.296610,5.323109
0.805085,-0.211864,5.346700
0.805085,-0.127119,5.370291
0.805085,-0.042373,5.393882
0.805085,0.042373,5.417473
0.805085,0.127119,5.441064
0.805085,0.211864,5.464655
0.805085,0.296610,5.498052
0.805085,0.381356,5.534320
0.805085,0.466102,5.570587
0.805085,0.550847,5.606854
0.805085,0.635593,5.643122
0.805085,0.720339,5.679389
0.805085,0.805085,5.715657
0.805085,0.889831,5.753354
0.805085,0.974576,5.798756
0.805085,1.059322,5.844158
0.805085,1.144068,5.889560
0.805085,1.228814,5.934962
0.805085,1.313559,5.980364
0.805085,1.398305,6.025766
0.805085,1.483051,6.071168
0.805085,1.567797,6.116570
0.805085,1.652542,6.161972
0.805085,1.737288,6.207374
0.805085,1.822034,6.257727
0.805085,1.906780,6.308734
0.805085,1.991525,6.359742
0.805085,2.076271,6.410749
0.805085,2.161017,6.461756
0.805085,2.245763,6.512764
0.805085,2.330508,6.563771
0.805085,2.415254,6.614778
0.805085,2.500000,6.665785
_Enter
_Polyline
0.889831,-2.500000,5.715670
0.889831,-2.415254,5.679402
0.889831,-2.330508,5.643135
0.889831,-2.245763,5.606867
0.889831,-2.161017,5.570600
0.889831,-2.076271,5.534332
0.889831,-1.991525,5.498065
0.889831,-1.906780,5.464779
0.889831,-1.822034,5.441188
0.889831,-1.737288,5.417597
0.889831,-1.652542,5.394006
0.889831,-1.567797,5.370415
0.889831,-1.483051,5.346824
0.889831,-1.398305,5.323233
0.889831,-1.313559,5.311006
0.889831,-1.228814,5.302800
0.889831,-1.144068,5.294595
0.889831,-1.059322,5.286390
0.889831,-0.974576,5.278184
0.889831,-0.889831,5.269985
0.889831,-0.805085,5.278190
0.889831,-0.720339,5.286396
0.889831,-0.635593,5.294601
0.889831,-0.550847,5.302806
0.889831,-0.466102,5.311012
0.889831,-0.381356,5.323109
0.889831,-0.296610,5.346700
0.889831,-0.211864,5.370291
0.889831,-0.127119,5.393882
0.889831,-0.042373,5.417473
0.889831,0.042373,5.441064
0.889831,0.127119,5.464655
0.889831,0.211864,5.498052
0.889831,0.296610,5.534320
0.889831,0.381356,5.570587
0.889831,0.466102,5.606854
0.889831,0.550847,5.643122
0.889831,0.635593,5.679389
0.889831,0.720339,5.715657
0.889831,0.805085,5.753354
0.889831,0.889831,5.798756
0.889831,0.974576,5.844158
0.889831,1.059322,5.889560
0.889831,1.144068,5.934962
0.889831,1.228814,5.980364
0.889831,1.313559,6.025766
0.889831,1.398305,6.071168
0.889831,1.483051,6.116570
0.889831,1.567797,6.161972
0.889831,1.652542,6.207374
0.889831,1.737288,6.257727
0.889831,1.822034,6.308734
0.889831,1.906780,6.359742
0.889831,1.991525,6.410749
0.889831,2.076271,6.461756
0.889831,2.161017,6.512764
0.889831,2.245763,6.563771
0.889831,2.330508,6.614778
0.889831,2.415254,6.665785
0.889831,2.500000,6.716793
_Enter
_Polyline
0.974576,-2.500000,5.679402
0.974576,-2.415254,5.643135
0.974576,-2.330508,5.606867
0.974576,-2.245763,5.570600
0.974576,-2.161017,5.534332
0.974576,-2.076271,5.498065
0.974576,-1.991525,5.464779
0.974576,-1.906780,5.441188
0.974576,-1.822034,5.417597
0.974576,-1.737288,5.394006
0.974576,-1.652542,5.370415
0.974576,-1.567797,5.346824
0.974576,-1.483051,5.323233
0.974576,-1.398305,5.311006
0.974576,-1.313559,5.302800
0.974576,-1.228814,5.294595
0.974576,-1.144068,5.286390
0.974576,-1.059322,5.278184
0.974576,-0.974576,5.269985
0.974576,-0.889831,5.278190
0.974576,-0.805085,5.286396
0.974576,-0.720339,5.294601
0.974576,-0.635593,5.302806
0.974576,-0.550847,5.311012
0.974576,-0.466102,5.323109
0.974576,-0.381356,5.346700
0.974576,-0.296610,5.370291
0.974576,-0.211864,5.393882
0.974576,-0.127119,5.417473
0.974576,-0.042373,5.441064
0.974576,0.042373,5.464655
0.974576,0.127119,5.498052
0.974576,0.211864,5.534320
0.974576,0.296610,5.570587
0.974576,0.381356,5.606854
0.974576,0.466102,5.643122
0.974576,0.550847,5.679389
0.974576,0.635593,5.715657
0.974576,0.720339,5.753354
0.974576,0.805085,5.798756
0.974576,0.889831,5.844158
0.974576,0.974576,5.889560
0.974576,1.059322,5.934962
0.974576,1.144068,5.980364
0.974576,1.228814,6.025766
0.974576,1.313559,6.071168
0.974576,1.398305,6.116570
0.974576,1.483051,6.161972
0.974576,1.567797,6.207374
0.974576,1.652542,6.257727
0.974576,1.737288,6.308734
0.974576,1.822034,6.359742
0.974576,1.906780,6.410749
0.974576,1.991525,6.461756
0.974576,2.076271,6.512764
0.974576,2.161017,6.563771
0.974576,2.245763,6.614778
0.974576,2.330508,6.665785
0.974576,2.415254,6.716793
0.974576,2.500000,6.767800
_Enter
_Polyline
1.059322,-2.500000,5.643135
1.059322,-2.415254,5.606867
1.059322,-2.330508,5.570600
1.059322,-2.245763,5.534332
1.059322,-2.161017,5.498065
1.059322,-2.076271,5.464779
1.059322,-1.991525,5.441188
1.059322,-1.906780,5.417597
1.059322,-1.822034,5.394006
1.059322,-1.737288,5.370415
1.059322,-1.652542,5.346824
1.059322,-1.567797,5.323233
1.059322,-1.483051,5.311006
1.059322,-1.398305,5.302800
1.059322,-1.313559,5.294595
1.059322,-1.228814,5.286390
1.059322,-1.144068,5.278184
1.059322,-1.059322,5.269985
1.059322,-0.974576,5.278190
1.059322,-0.889831,5.286396
1.059322,-0.805085,5.294601
1.059322,-0.720339,5.302806
1.059322,-0.635593,5.311012
1.059322,-0.550847,5.323109
1.059322,-0.466102,5.346700
1.059322,-0.381356,5.370291
1.059322,-0.296610,5.393882
1.059322,-0.211864,5.417473
1.059322,-0.127119,5.441064
1.059322,-0.042373,5.464655
1.059322,0.042373,5.498052
1.059322,0.127119,5.534320
1.059322,0.211864,5.570587
1.059322,0.296610,5.606854
1.059322,0.381356,5.643122
1.059322,0.466102,5.679389
1.059322,0.550847,5.715657
1.059322,0.635593,5.753354
1.059322,0.720339,5.798756
1.059322,0.805085,5.844158
1.059322,0.889831,5.889560
1.059322,0.974576,5.934962
1.059322,1.059322,5.980364
1.059322,1.144068,6.025766
1.059322,1.228814,6.071168
1.059322,1.313559,6.116570
1.059322,1.398305,6.161972
1.059322,1.483051,6.207374
1.059322,1.567797,6.257727
1.059322,1.652542,6.308734
1.059322,1.737288,6.359742
1.059322,1.822034,6.410749
1.059322,1.906780,6.461756
1.059322,1.991525,6.512764
1.059322,2.076271,6.563771
1.059322,2.161017,6.614778
1.059322,2.245763,6.665785
1.059322,2.330508,6.716793
1.059322,2.415254,6.767800
1.059322,2.500000,6.818807
_Enter
_Polyline
1.144068,-2.500000,5.606867
1.144068,-2.415254,5.570600
1.144068,-2.330508,5.534332
1.144068,-2.245763,5.498065
1.144068,-2.161017,5.464779
1.144068,-2.076271,5.441188
1.144068,-1.991525,5.417597
1.144068,-1.906780,5.394006
1.144068,-1.822034,5.370415
1.144068,-1.737288,5.346824
1.144068,-1.652542,5.323233
1.144068,-1.567797,5.311006
1.144068,-1.483051,5.302800
1.144068,-1.398305,5.294595
1.144068,-1.313559,5.286390
1.144068,-1.228814,5.278184
1.144068,-1.144068,5.269985
1.144068,-1.059322,5.278190
1.144068,-0.974576,5.286396
1.144068,-0.889831,5.294601
1.144068,-0.805085,5.302806
1.144068,-0.720339,5.311012
1.144068,-0.635593,5.323109
1.144068,-0.550847,5.346700
1.144068,-0.466102,5.370291
1.144068,-0.381356,5.393882
1.144068,-0.296610,5.417473
1.144068,-0.211864,5.441064
1.144068,-0.127119,5.464655
1.144068,-0.042373,5.498052
1.144068,0.042373,5.534320
1.144068,0.127119,5.570587
1.144068,0.211864,5.606854
1.144068,0.296610,5.643122
1.144068,0.381356,5.679389
1.144068,0.466102,5.715657
1.144068,0.550847,5.753354
1.144068,0.635593,5.798756
1.144068,0.720339,5.844158
1.144068,0.805085,5.889560
1.144068,0.889831,5.934962
1.144068,0.974576,5.980364
1.144068,1.059322,6.025766
1.144068,1.144068,6.071168
1.144068,1.228814,6.116570
1.144068,1.313559,6.161972
1.144068,1.398305,6.207374
1.144068,1.483051,6.257727
1.144068,1.567797,6.308734
1.144068,1.652542,6.359742
1.144068,1.737288,6.410749
1.144068,1.822034,6.461756
1.144068,1.906780,6.512764
1.144068,1.991525,6.563771
1.144068,2.076271,6.614778
1.144068,2.161017,6.665785
1.144068,2.245763,6.716793
1.144068,2.330508,6.767800
1.144068,2.415254,6.818807
1.144068,2.500000,6.869815
_Enter
_Polyline
1.228814,-2.500000,5.570600
1.228814,-2.415254,5.534332
1.228814,-2.330508,5.498065
1.228814,-2.245763,5.464779
1.228814,-2.161017,5.441188
1.228814,-2.076271,5.417597
1.228814,-1.991525,5.394006
1.228814,-1.906780,5.370415
1.228814,-1.822034,5.346824
1.228814,-1.737288,5.323233
1.228814,-1.652542,5.311006
1.228814,-1.567797,5.302800
1.228814,-1.483051,5.294595
1.228814,-1.398305,5.286390
1.228814,-1.313559,5.278184
1.228814,-1.228814,5.269985
1.228814,-1.144068,5.278190
1.228814,-1.059322,5.286396
1.228814,-0.974576,5.294601
1.228814,-0.889831,5.302806
1.228814,-0.805085,5.311012
1.228814,-0.720339,5.323109
1.228814,-0.635593,5.346700
1.228814,-0.550847,5.370291
1.228814,-0.466102,5.393882
1.228814,-0.381356,5.417473
1.228814,-0.296610,5.441064
1.228814,-0.211864,5.464655
1.228814,-0.127119,5.498052
1.228814,-0.042373,5.534320
1.228814,0.042373,5.570587
1.228814,0.127119,5.606854
1.228814,0.211864,5.643122
1.228814,0.296610,5.679389
1.228814,0.381356,5.715657
1.228814,0.466102,5.753354
1.228814,0.550847,5.798756
1.228814,0.635593,5.844158
1.228814,0.720339,5.889560
1.228814,0.805085,5.934962
1.228814,0.889831,5.980364
1.228814,0.974576,6.025766
1.228814,1.059322,6.071168
1.228814,1.144068,6.116570
1.228814,1.228814,6.161972
1.228814,1.313559,6.207374
1.228814,1.398305,6.257727
1.228814,1.483051,6.308734
1.228814,1.567797,6.359742
1.228814,1.652542,6.410749
1.228814,1.737288,6.461756
1.228814,1.822034,6.512764
1.228814,1.906780,6.563771
1.228814,1.991525,6.614778
1.228814,2.076271,6.665785
1.228814,2.161017,6.716793
1.228814,2.245763,6.767800
1.228814,2.330508,6.818807
1.228814,2.415254,6.869815
1.228814,2.500000,6.920822
_Enter
_Polyline
1.313559,-2.500000,5.534332
1.313559,-2.415254,5.498065
1.313559,-2.330508,5.464779
1.313559,-2.245763,5.441188
1.313559,-2.161017,5.417597
1.313559,-2.076271,5.394006
1.313559,-1.991525,5.370415
1.313559,-1.906780,5.346824
1.313559,-1.822034,5.323233
1.313559,-1.737288,5.311006
1.313559,-1.652542,5.302800
1.313559,-1.567797,5.294595
1.313559,-1.483051,5.286390
1.313559,-1.398305,5.278184
1.313559,-1.313559,5.269985
1.313559,-1.228814,5.278190
1.313559,-1.144068,5.286396
1.313559,-1.059322,5.294601
1.313559,-0.974576,5.302806
1.313559,-0.889831,5.311012
1.313559,-0.805085,5.323109
1.313559,-0.720339,5.346700
1.313559,-0.635593,5.370291
1.313559,-0.550847,5.393882
1.313559,-0.466102,5.417473
1.313559,-0.381356,5.441064
1.313559,-0.296610,5.464655
1.313559,-0.211864,5.498052
1.313559,-0.127119,5.534320
1.313559,-0.042373,5.570587
1.313559,0.042373,5.606854
1.313559,0.127119,5.643122
1.313559,0.211864,5.679389
1.313559,0.296610,5.715657
1.313559,0.381356,5.753354
1.313559,0.466102,5.798756
1.313559,0.550847,5.844158
1.313559,0.635593,5.889560
1.313559,0.720339,5.934962
1.313559,0.805085,5.980364
1.313559,0.889831,6.025766
1.313559,0.974576,6.071168
1.313559,1.059322,6.116570
1.313559,1.144068,6.161972
1.313559,1.228814,6.207374
1.313559,1.313559,6.257727
1.313559,1.398305,6.308734
1.313559,1.483051,6.359742
1.313559,1.567797,6.410749
1.313559,1.652542,6.461756
1.313559,1.737288,6.512764
1.313559,1.822034,6.563771
1.313559,1.906780,6.614778
1.313559,1.991525,6.665785
1.313559,2.076271,6.716793
1.313559,2.161017,6.767800
1.313559,2.245763,6.818807
1.313559,2.330508,6.869815
1.313559,2.415254,6.920822
1.313559,2.500000,6.971829
_Enter
_Polyline
1.398305,-2.500000,5.498065
1.398305,-2.415254,5.464779
1.398305,-2.330508,5.441188
1.398305,-2.245763,5.417597
1.398305,-2.161017,5.394006
1.398305,-2.076271,5.370415
1.398305,-1.991525,5.346824
1.398305,-1.906780,5.323233
1.398305,-1.822034,5.311006
1.398305,-1.737288,5.302800
1.398305,-1.652542,5.294595
1.398305,-1.567797,5.286390
1.398305,-1.483051,5.278184
1.398305,-1.398305,5.269985
1.398305,-1.313559,5.278190
1.398305,-1.228814,5.286396
1.398305,-1.144068,5.294601
1.398305,-1.059322,5.302806
1.398305,-0.974576,5.311012
1.398305,-0.889831,5.323109
1.398305,-0.805085,5.346700
1.398305,-0.720339,5.370291
1.398305,-0.635593,5.393882
1.398305,-0.550847,5.417473
1.398305,-0.466102,5.441064
1.398305,-0.381356,5.464655
1.398305,-0.296610,5.498052
1.398305,-0.211864,5.534320
1.398305,-0.127119,5.570587
1.398305,-0.042373,5.606854
1.398305,0.042373,5.643122
1.398305,0.127119,5.679389
1.398305,0.211864,5.715657
1.398305,0.296610,5.753354
1.398305,0.381356,5.798756
1.398305,0.466102,5.844158
1.398305,0.550847,5.889560
1.398305,0.635593,5.934962
1.398305,0.720339,5.980364
1.398305,0.805085,6.025766
1.398305,0.889831,6.071168
1.398305,0.974576,6.116570
1.398305,1.059322,6.161972
1.398305,1.144068,6.207374
1.398305,1.228814,6.257727
1.398305,1.313559,6.308734
1.398305,1.398305,6.359742
1.398305,1.483051,6.410749
1.398305,1.567797,6.461756
1.398305,1.652542,6.512764
1.398305,1.737288,6.563771
1.398305,1.822034,6.614778
1.398305,1.906780,6.665785
1.398305,1.991525,6.716793
1.398305,2.076271,6.767800
1.398305,2.161017,6.818807
1.398305,2.245763,6.869815
1.398305,2.330508,6.920822
1.398305,2.415254,6.971829
1.398305,2.500000,7.022837
_Enter
_Polyline
1.483051,-2.500000,5.464779
1.483051,-2.415254,5.441188
1.483051,-2.330508,5.417597
1.483051,-2.245763,5.394006
1.483051,-2.161017,5.370415
1.483051,-2.076271,5.346824
1.483051,-1.991525,5.323233
1.483051,-1.906780,5.311006
1.483051,-1.822034,5.302800
1.483051,-1.737288,5.294595
1.483051,-1.652542,5.286390
1.483051,-1.567797,5.278184
1.483051,-1.483051,5.269985
1.483051,-1.398305,5.278190
1.483051,-1.313559,5.286396
1.483051,-1.228814,5.294601
1.483051,-1.144068,5.302806
1.483051,-1.059322,5.311012
1.483051,-0.974576,5.323109
1.483051,-0.889831,5.346700
1.483051,-0.805085,5.370291
1.483051,-0.720339,5.393882
1.483051,-0.635593,5.417473
1.483051,-0.550847,5.441064
1.483051,-0.466102,5.464655
1.483051,-0.381356,5.498052
1.483051,-0.296610,5.534320
1.483051,-0.211864,5.570587
1.483051,-0.127119,5.606854
1.483051,-0.042373,5.643122
1.483051,0.042373,5.679389
1.483051,0.127119,5.715657
1.483051,0.211864,5.753354
1.483051,0.296610,5.798756
1.483051,0.381356,5.844158
1.483051,0.466102,5.889560
1.483051,0.550847,5.934962
1.483051,0.635593,5.980364
1.483051,0.720339,6.025766
1.483051,0.805085,6.071168
1.483051,0.889831,6.116570
1.483051,0.974576,6.161972
1.483051,1.059322,6.207374
1.483051,1.144068,6.257727
1.483051,1.228814,6.308734
1.483051,1.313559,6.359742
1.483051,1.398305,6.410749
1.483051,1.483051,6.461756
1.483051,1.567797,6.512764
1.483051,1.652542,6.563771
1.483051,1.737288,6.614778
1.483051,1.822034,6.665785
1.483051,1.906780,6.716793
1.483051,1.991525,6.767800
1.483051,2.076271,6.818807
1.483051,2.161017,6.869815
1.483051,2.245763,6.920822
1.483051,2.330508,6.971829
1.483051,2.415254,7.022837
1.483051,2.500000,7.073844
_Enter
_Polyline
1.567797,-2.500000,5.441188
1.567797,-2.415254,5.417597
1.567797,-2.330508,5.394006
1.567797,-2.245763,5.370415
1.567797,-2.161017,5.346824
1.567797,-2.076271,5.323233
1.567797,-1.991525,5.311006
1.567797,-1.906780,5.302800
1.567797,-1.822034,5.294595
1.567797,-1.737288,5.286390
1.567797,-1.652542,5.278184
1.567797,-1.567797,5.269985
1.567797,-1.483051,5.278190
1.567797,-1.398305,5.286396
1.567797,-1.313559,5.294601
1.567797,-1.228814,5.302806
1.567797,-1.144068,5.311012
1.567797,-1.059322,5.323109
1.567797,-0.974576,5.346700
1.567797,-0.889831,5.370291
1.567797,-0.805085,5.393882
1.567797,-0.720339,5.417473
1.567797,-0.635593,5.441064
1.567797,-0.550847,5.464655
1.567797,-0.466102,5.498052
1.567797,-0.381356,5.534320
1.567797,-0.296610,5.570587
1.567797,-0.211864,5.606854
1.567797,-0.127119,5.643122
1.567797,-0.042373,5.679389
1.567797,0.042373,5.715657
1.567797,0.127119,5.753354
1.567797,0.211864,5.798756
1.567797,0.296610,5.844158
1.567797,0.381356,5.889560
1.567797,0.466102,5.934962
1.567797,0.550847,5.980364
1.567797,0.635593,6.025766
1.567797,0.720339,6.071168
1.567797,0.805085,6.116570
1.567797,0.889831,6.161972
1.567797,0.974576,6.207374
1.567797,1.059322,6.257727
1.567797,1.144068,6.308734
1.567797,1.228814,6.359742
1.567797,1.313559,6.410749
1.567797,1.398305,6.461756
1.567797,1.483051,6.512764
1.567797,1.567797,6.563771
1.567797,1.652542,6.614778
1.567797,1.737288,6.665785
1.567797,1.822034,6.716793
1.567797,1.906780,6.767800
1.567797,1.991525,6.818807
1.567797,2.076271,6.869815
1.567797,2.161017,6.920822
1.567797,2.245763,6.971829
1.567797,2.330508,7.022837
1.567797,2.415254,7.073844
1.567797,2.500000,7.124851
_Enter
_Polyline
1.652542,-2.500000,5.417597
1.652542,-2.415254,5.394006
1.652542,-2.330508,5.370415
1.652542,-2.245763,5.346824
1.652542,-2.161017,5.323233
1.652542,-2.076271,5.311006
1.652542,-1.991525,5.302800
1.652542,-1.906780,5.294595
1.652542,-1.822034,5.286390
1.652542,-1.737288,5.278184
1.652542,-1.652542,5.269985
1.652542,-1.567797,5.278190
1.652542,-1.483051,5.286396
1.652542,-1.398305,5.294601
1.652542,-1.313559,5.302806
1.652542,-1.228814,5.311012
1.652542,-1.144068,5.323109
1.652542,-1.059322,5.346700
1.652542,-0.974576,5.370291
1.652542,-0.889831,5.393882
1.652542,-0.805085,5.417473
1.652542,-0.720339,5.441064
1.652542,-0.635593,5.464655
1.652542,-0.550847,5.498052
1.652542,-0.466102,5.534320
1.652542,-0.381356,5.570587
1.652542,-0.296610,5.606854
1.652542,-0.211864,5.643122
1.652542,-0.127119,5.679389
1.652542,-0.042373,5.715657
1.652542,0.042373,5.753354
1.652542,0.127119,5.798756
1.652542,0.211864,5.844158
1.652542,0.296610,5.889560
1.652542,0.381356,5.934962
1.652542,0.466102,5.980364
1.652542,0.550847,6.025766
1.652542,0.635593,6.071168
1.652542,0.720339,6.116570
1.652542,0.805085,6.161972
1.652542,0.889831,6.207374
1.652542,0.974576,6.257727
1.652542,1.059322,6.308734
1.652542,1.144068,6.359742
1.652542,1.228814,6.410749
1.652542,1.313559,6.461756
1.652542,1.398305,6.512764
1.652542,1.483051,6.563771
1.652542,1.567797,6.614778
1.652542,1.652542,6.665785
1.652542,1.737288,6.716793
1.652542,1.822034,6.767800
1.652542,1.906780,6.818807
1.652542,1.991525,6.869815
1.652542,2.076271,6.920822
1.652542,2.161017,6.971829
1.652542,2.245763,7.022837
1.652542,2.330508,7.073844
1.652542,2.415254,7.124851
1.652542,2.500000,7.175859
_Enter
_Polyline
1.737288,-2.500000,5.394006
1.737288,-2.415254,5.370415
1.737288,-2.330508,5.346824
1.737288,-2.245763,5.323233
1.737288,-2.161017,5.311006
1.737288,-2.076271,5.302800
1.737288,-1.991525,5.294595
1.737288,-1.906780,5.286390
1.737288,-1.822034,5.278184
1.737288,-1.737288,5.269985
1.737288,-1.652542,5.278190
1.737288,-1.567797,5.286396
1.737288,-1.483051,5.294601
1.737288,-1.398305,5.302806
1.737288,-1.313559,5.311012
1.737288,-1.228814,5.323109
1.737288,-1.144068,5.346700
1.737288,-1.059322,5.370291
1.737288,-0.974576,5.393882
1.737288,-0.889831,5.417473
1.737288,-0.805085,5.441064
1.737288,-0.720339,5.464655
1.737288,-0.635593,5.498052
1.737288,-0.550847,5.534320
1.737288,-0.466102,5.570587
1.737288,-0.381356,5.606854
1.737288,-0.296610,5.643122
1.737288,-0.211864,5.679389
1.737288,-0.127119,5.715657
1.737288,-0.042373,5.753354
1.737288,0.042373,5.798756
1.737288,0.127119,5.844158
1.737288,0.211864,5.889560
1.737288,0.296610,5.934962
1.737288,0.381356,5.980364
1.737288,0.466102,6.025766
1.737288,0.550847,6.071168
1.737288,0.635593,6.116570
1.737288,0.720339,6.161972
1.737288,0.805085,6.207374
1.737288,0.889831,6.257727
1.737288,0.974576,6.308734
1.737288,1.059322,6.359742
1.737288,1.144068,6.410749
1.737288,1.228814,6.461756
1.737288,1.313559,6.512764
1.737288,1.398305,6.563771
1.737288,1.483051,6.614778
1.737288,1.567797,6.665785
1.737288,1.652542,6.716793
1.737288,1.737288,6.767800
1.737288,1.822034,6.818807
1.737288,1.906780,6.869815
1.737288,1.991525,6.920822
1.737288,2.076271,6.971829
1.737288,2.161017,7.022837
1.737288,2.245763,7.073844
1.737288,2.330508,7.124851
1.737288,2.415254,7.175859
1.737288,2.500000,7.226866
_Enter
_Polyline
1.822034,-2.500000,5.370415
1.822034,-2.415254,5.346824
1.822034,-2.330508,5.323233
1.822034,-2.245763,5.311006
1.822034,-2.161017,5.302800
1.822034,-2.076271,5.294595
1.822034,-1.991525,5.286390
1.822034,-1.906780,5.278184
1.822034,-1.822034,5.269985
1.822034,-1.737288,5.278190
1.822034,-1.652542,5.286396
1.822034,-1.567797,5.294601
1.822034,-1.483051,5.302806
1.822034,-1.398305,5.311012
1.822034,-1.313559,5.323109
1.822034,-1.228814,5.346700
1.822034,-1.144068,5.370291
1.822034,-1.059322,5.393882
1.822034,-0.974576,5.417473
1.822034,-0.889831,5.441064
1.822034,-0.805085,5.464655
1.822034,-0.720339,5.498052
1.822034,-0.635593,5.534320
1.822034,-0.550847,5.570587
1.822034,-0.466102,5.606854
1.822034,-0.381356,5.643122
1.822034,-0.296610,5.679389
1.822034,-0.211864,5.715657
1.822034,-0.127119,5.753354
1.822034,-0.042373,5.798756
1.822034,0.042373,5.844158
1.822034,0.127119,5.889560
1.822034,0.211864,5.934962
1.822034,0.296610,5.980364
1.822034,0.381356,6.025766
1.822034,0.466102,6.071168
1.822034,0.550847,6.116570
1.822034,0.635593,6.161972
1.822034,0.720339,6.207374
1.822034,0.805085,6.257727
1.822034,0.889831,6.308734
1.822034,0.974576,6.359742
1.822034,1.059322,6.410749
1.822034,1.144068,6.461756
1.822034,1.228814,6.512764
1.822034,1.313559,6.563771
1.822034,1.398305,6.614778
1.822034,1.483051,6.665785
1.822034,1.567797,6.716793
1.822034,1.652542,6.767800
1.822034,1.737288,6.818807
1.822034,1.822034,6.869815
1.822034,1.906780,6.920822
1.822034,1.991525,6.971829
1.822034,2.076271,7.022837
1.822034,2.161017,7.073844
1.822034,2.245763,7.124851
1.822034,2.330508,7.175859
1.822034,2.415254,7.226866
1.822034,2.500000,7.277873
_Enter
_Polyline
1.906780,-2.500000,5.346824
1.906780,-2.415254,5.323233
1.906780,-2.330508,5.311006
1.906780,-2.245763,5.302800
1.906780,-2.161017,5.294595
1.906780,-2.076271,5.286390
1.906780,-1.991525,5.278184
1.906780,-1.906780,5.269985
1.906780,-1.822034,5.278190
1.906780,-1.737288,5.286396
1.906780,-1.652542,5.294601
1.906780,-1.567797,5.302806
1.906780,-1.483051,5.311012
1.906780,-1.398305,5.323109
1.906780,-1.313559,5.346700
1.906780,-1.228814,5.370291
1.906780,-1.144068,5.393882
1.906780,-1.059322,5.417473
1.906780,-0.974576,5.441064
1.906780,-0.889831,5.464655
1.906780,-0.805085,5.498052
1.906780,-0.720339,5.534320
1.906780,-0.635593,5.570587
1.906780,-0.550847,5.606854
1.906780,-0.466102,5.643122
1.906780,-0.381356,5.679389
1.906780,-0.296610,5.715657
1.906780,-0.211864,5.753354
1.906780,-0.127119,5.798756
1.906780,-0.042373,5.844158
1.906780,0.042373,5.889560
1.906780,0.127119,5.934962
1.906780,0.211864,5.980364
1.906780,0.296610,6.025766
1.906780,0.381356,6.071168
1.906780,0.466102,6.116570
1.906780,0.550847,6.161972
1.906780,0.635593,6.207374
1.906780,0.720339,6.257727
1.906780,0.805085,6.308734
1.906780,0.889831,6.359742
1.906780,0.974576,6.410749
1.906780,1.059322,6.461756
1.906780,1.144068,6.512764
1.906780,1.228814,6.563771
1.906780,1.313559,6.614778
1.906780,1.398305,6.665785
1.906780,1.483051,6.716793
1.906780,1.567797,6.767800
1.906780,1.652542,6.818807
1.906780,1.737288,6.869815
1.906780,1.822034,6.920822
1.906780,1.906780,6.971829
1.906780,1.991525,7.022837
1.906780,2.076271,7.073844
1.906780,2.161017,7.124851
1.906780,2.245763,7.175859
1.906780,2.330508,7.226866
1.906780,2.415254,7.277873
1.906780,2.500000,7.328880
_Enter
_Polyline
1.991525,-2.500000,5.323233
1.991525,-2.415254,5.311006
1.991525,-2.330508,5.302800
1.991525,-2.245763,5.294595
1.991525,-2.161017,5.286390
1.991525,-2.076271,5.278184
1.991525,-1.991525,5.269985
1.991525,-1.906780,5.278190
1.991525,-1.822034,5.286396
1.991525,-1.737288,5.294601
1.991525,-1.652542,5.302806
1.991525,-1.567797,5.311012
1.991525,-1.483051,5.323109
1.991525,-1.398305,5.346700
1.991525,-1.313559,5.370291
1.991525,-1.228814,5.393882
1.991525,-1.144068,5.417473
1.991525,-1.059322,5.441064
1.991525,-0.974576,5.464655
1.991525,-0.889831,5.498052
1.991525,-0.805085,5.534320
1.991525,-0.720339,5.570587
1.991525,-0.635593,5.606854
1.991525,-0.550847,5.643122
1.991525,-0.466102,5.679389
1.991525,-0.381356,5.715657
1.991525,-0.296610,5.753354
1.991525,-0.211864,5.798756
1.991525,-0.127119,5.844158
1.991525,-0.042373,5.889560
1.991525,0.042373,5.934962
1.991525,0.127119,5.980364
1.991525,0.211864,6.025766
1.991525,0.296610,6.071168
1.991525,0.381356,6.116570
1.991525,0.466102,6.161972
1.991525,0.550847,6.207374
1.991525,0.635593,6.257727
1.991525,0.720339,6.308734
1.991525,0.805085,6.359742
1.991525,0.889831,6.410749
1.991525,0.974576,6.461756
1.991525,1.059322,6.512764
1.991525,1.144068,6.563771
1.991525,1.228814,6.614778
1.991525,1.313559,6.665785
1.991525,1.398305,6.716793
1.991525,1.483051,6.767800
1.991525,1.567797,6.818807
1.991525,1.652542,6.869815
1.991525,1.737288,6.920822
1.991525,1.822034,6.971829
1.991525,1.906780,7.022837
1.991525,1.991525,7.073844
1.991525,2.076271,7.124851
1.991525,2.161017,7.175859
1.991525,2.245763,7.226866
1.991525,2.330508,7.277873
1.991525,2.415254,7.328880
1.991525,2.500000,7.379888
_Enter
_Polyline
2.076271,-2.500000,5.311006
2.076271,-2.415254,5.302800
2.076271,-2.330508,5.294595
2.076271,-2.245763,5.286390
2.076271,-2.161017,5.278184
2.076271,-2.076271,5.269985
2.076271,-1.991525,5.278190
2.076271,-1.906780,5.286396
2.076271,-1.822034,5.294601
2.076271,-1.737288,5.302806
2.076271,-1.652542,5.311012
2.076271,-1.567797,5.323109
2.076271,-1.483051,5.346700
2.076271,-1.398305,5.370291
2.076271,-1.313559,5.393882
2.076271,-1.228814,5.417473
2.076271,-1.144068,5.441064
2.076271,-1.059322,5.464655
2.076271,-0.974576,5.498052
2.076271,-0.889831,5.534320
2.076271,-0.805085,5.570587
2.076271,-0.720339,5.606854
2.076271,-0.635593,5.643122
2.076271,-0.550847,5.679389
2.076271,-0.466102,5.715657
2.076271,-0.381356,5.753354
2.076271,-0.296610,5.798756
2.076271,-0.211864,5.844158
2.076271,-0.127119,5.889560
2.076271,-0.042373,5.934962
2.076271,0.042373,5.980364
2.076271,0.127119,6.025766
2.076271,0.211864,6.071168
2.076271,0.296610,6.116570
2.076271,0.381356,6.161972
2.076271,0.466102,6.207374
2.076271,0.550847,6.257727
2.076271,0.635593,6.308734
2.076271,0.720339,6.359742
2.076271,0.805085,6.410749
2.076271,0.889831,6.461756
2.076271,0.974576,6.512764
2.076271,1.059322,6.563771
2.076271,1.144068,6.614778
2.076271,1.228814,6.665785
2.076271,1.313559,6.716793
2.076271,1.398305,6.767800
2.076271,1.483051,6.818807
2.076271,1.567797,6.869815
2.076271,1.652542,6.920822
2.076271,1.737288,6.971829
2.076271,1.822034,7.022837
2.076271,1.906780,7.073844
2.076271,1.991525,7.124851
2.076271,2.076271,7.175859
2.076271,2.161017,7.226866
2.076271,2.245763,7.277873
2.076271,2.330508,7.328880
2.076271,2.415254,7.379888
2.076271,2.500000,7.430895
_Enter
_Polyline
2.161017,-2.500000,5.302800
2.161017,-2.415254,5.294595
2.161017,-2.330508,5.286390
2.161017,-2.245763,5.278184
2.161017,-2.161017,5.269985
2.161017,-2.076271,5.278190
2.161017,-1.991525,5.286396
2.161017,-1.906780,5.294601
2.161017,-1.822034,5.302806
2.161017,-1.737288,5.311012
2.161017,-1.652542,5.323109
2.161017,-1.567797,5.346700
2.161017,-1.483051,5.370291
2.161017,-1.398305,5.393882
2.161017,-1.313559,5.417473
2.161017,-1.228814,5.441064
2.161017,-1.144068,5.464655
2.161017,-1.059322,5.498052
2.161017,-0.974576,5.534320
2.161017,-0.889831,5.570587
2.161017,-0.805085,5.606854
2.161017,-0.720339,5.643122
2.161017,-0.635593,5.679389
2.161017,-0.550847,5.715657
2.161017,-0.466102,5.753354
2.161017,-0.381356,5.798756
2.161017,-0.296610,5.844158
2.161017,-0.211864,5.889560
2.161017,-0.127119,5.934962
2.161017,-0.042373,5.980364
2.161017,0.042373,6.025766
2.161017,0.127119,6.071168
2.161017,0.211864,6.116570
2.161017,0.296610,6.161972
2.161017,0.381356,6.207374
2.161017,0.466102,6.257727
2.161017,0.550847,6.308734
2.161017,0.635593,6.359742
2.161017,0.720339,6.410749
2.161017,0.805085,6.461756
2.161017,0.889831,6.512764
2.161017,0.974576,6.563771
2.161017,1.059322,6.614778
2.161017,1.144068,6.665785
2.161017,1.228814,6.716793
2.161017,1.313559,6.767800
2.161017,1.398305,6.818807
2.161017,1.483051,6.869815
2.161017,1.567797,6.920822
2.161017,1.652542,6.971829
2.161017,1.737288,7.022837
2.161017,1.822034,7.073844
2.161017,1.906780,7.124851
2.161017,1.991525,7.175859
2.161017,2.076271,7.226866
2.161017,2.161017,7.277873
2.161017,2.245763,7.328880
2.161017,2.330508,7.379888
2.161017,2.415254,7.430895
2.161017,2.500000,7.481902
_Enter
_Polyline
2.245763,-2.500000,5.294595
2.245763,-2.415254,5.286390
2.245763,-2.330508,5.278184
2.245763,-2.245763,5.269985
2.245763,-2.161017,5.278190
2.245763,-2.076271,5.286396
2.245763,-1.991525,5.294601
2.245763,-1.906780,5.302806
2.245763,-1.822034,5.311012
2.245763,-1.737288,5.323109
2.245763,-1.652542,5.346700
2.245763,-1.567797,5.370291
2.245763,-1.483051,5.393882
2.245763,-1.398305,5.417473
2.245763,-1.313559,5.441064
2.245763,-1.228814,5.464655
2.245763,-1.144068,5.498052
2.245763,-1.059322,5.534320
2.245763,-0.974576,5.570587
2.245763,-0.889831,5.606854
2.245763,-0.805085,5.643122
2.245763,-0.720339,5.679389
2.245763,-0.635593,5.715657
2.245763,-0.550847,5.753354
2.245763,-0.466102,5.798756
2.245763,-0.381356,5.844158
2.245763,-0.296610,5.889560
2.245763,-0.211864,5.934962
2.245763,-0.127119,5.980364
2.245763,-0.042373,6.025766
2.245763,0.042373,6.071168
2.245763,0.127119,6.116570
2.245763,0.211864,6.161972
2.245763,0.296610,6.207374
2.245763,0.381356,6.257727
2.245763,0.466102,6.308734
2.245763,0.550847,6.359742
2.245763,0.635593,6.410749
2.245763,0.720339,6.461756
2.245763,0.805085,6.512764
2.245763,0.889831,6.563771
2.245763,0.974576,6.614778
2.245763,1.059322,6.665785
2.245763,1.144068,6.716793
2.245763,1.228814,6.767800
2.245763,1.313559,6.818807
2.245763,1.398305,6.869815
2.245763,1.483051,6.920822
2.245763,1.567797,6.971829
2.245763,1.652542,7.022837
2.245763,1.737288,7.073844
2.245763,1.822034,7.124851
2.245763,1.906780,7.175859
2.245763,1.991525,7.226866
2.245763,2.076271,7.277873
2.245763,2.161017,7.328880
2.245763,2.245763,7.379888
2.245763,2.330508,7.430895
2.245763,2.415254,7.481902
2.245763,2.500000,7.532910
_Enter
_Polyline
2.330508,-2.500000,5.286390
2.330508,-2.415254,5.278184
2.330508,-2.330508,5.269985
2.330508,-2.245763,5.278190
2.330508,-2.161017,5.286396
2.330508,-2.076271,5.294601
2.330508,-1.991525,5.302806
2.330508,-1.906780,5.311012
2.330508,-1.822034,5.323109
2.330508,-1.737288,5.346700
2.330508,-1.652542,5.370291
2.330508,-1.567797,5.393882
2.330508,-1.483051,5.417473
2.330508,-1.398305,5.441064
2.330508,-1.313559,5.464655
2.330508,-1.228814,5.498052
2.330508,-1.144068,5.534320
2.330508,-1.059322,5.570587
2.330508,-0.974576,5.606854
2.330508,-0.889831,5.643122
2.330508,-0.805085,5.679389
2.330508,-0.720339,5.715657
2.330508,-0.635593,5.753354
2.330508,-0.550847,5.798756
2.330508,-0.466102,5.844158
2.330508,-0.381356,5.889560
2.330508,-0.296610,5.934962
2.330508,-0.211864,5.980364
2.330508,-0.127119,6.025766
2.330508,-0.042373,6.071168
2.330508,0.042373,6.116570
2.330508,0.127119,6.161972
2.330508,0.211864,6.207374
2.330508,0.296610,6.257727
2.330508,0.381356,6.308734
2.330508,0.466102,6.359742
2.330508,0.550847,6.410749
2.330508,0.635593,6.461756
2.330508,0.720339,6.512764
2.330508,0.805085,6.563771
2.330508,0.889831,6.614778
2.330508,0.974576,6.665785
2.330508,1.059322,6.716793
2.330508,1.144068,6.767800
2.330508,1.228814,6.818807
2.330508,1.313559,6.869815
2.330508,1.398305,6.920822
2.330508,1.483051,6.971829
2.330508,1.567797,7.022837
2.330508,1.652542,7.073844
2.330508,1.737288,7.124851
2.330508,1.822034,7.175859
2.330508,1.906780,7.226866
2.330508,1.991525,7.277873
2.330508,2.076271,7.328880
2.330508,2.161017,7.379888
2.330508,2.245763,7.430895
2.330508,2.330508,7.481902
2.330508,2.415254,7.532910
2.330508,2.500000,7.583917
_Enter
_Polyline
2.415254,-2.500000,5.278184
2.415254,-2.415254,5.269985
2.415254,-2.330508,5.278190
2.415254,-2.245763,5.286396
2.415254,-2.161017,5.294601
2.415254,-2.076271,5.302806
2.415254,-1.991525,5.311012
2.415254,-1.906780,5.323109
2.415254,-1.822034,5.346700
2.415254,-1.737288,5.370291
2.415254,-1.652542,5.393882
2.415254,-1.567797,5.417473
2.415254,-1.483051,5.441064
2.415254,-1.398305,5.464655
2.415254,-1.313559,5.498052
2.415254,-1.228814,5.534320
2.415254,-1.144068,5.570587
2.415254,-1.059322,5.606854
2.415254,-0.974576,5.643122
2.415254,-0.889831,5.679389
2.415254,-0.805085,5.715657
2.415254,-0.720339,5.753354
2.415254,-0.635593,5.798756
2.415254,-0.550847,5.844158
2.415254,-0.466102,5.889560
2.415254,-0.381356,5.934962
2.415254,-0.296610,5.980364
2.415254,-0.211864,6.025766
2.415254,-0.127119,6.071168
2.415254,-0.042373,6.116570
2.415254,0.042373,6.161972
2.415254,0.127119,6.207374
2.415254,0.211864,6.257727
2.415254,0.296610,6.308734
2.415254,0.381356,6.359742
2.415254,0.466102,6.410749
2.415254,0.550847,6.461756
2.415254,0.635593,6.512764
2.415254,0.720339,6.563771
2.415254,0.805085,6.614778
2.415254,0.889831,6.665785
2.415254,0.974576,6.716793
2.415254,1.059322,6.767800
2.415254,1.144068,6.818807
2.415254,1.228814,6.869815
2.415254,1.313559,6.920822
2.415254,1.398305,6.971829
2.415254,1.483051,7.022837
2.415254,1.567797,7.073844
2.415254,1.652542,7.124851
2.415254,1.737288,7.175859
2.415254,1.822034,7.226866
2.415254,1.906780,7.277873
2.415254,1.991525,7.328880
2.415254,2.076271,7.379888
2.415254,2.161017,7.430895
2.415254,2.245763,7.481902
2.415254,2.330508,7.532910
2.415254,2.415254,7.583917
2.415254,2.500000,7.634924
_Enter
_Polyline
2.500000,-2.500000,5.269985
2.500000,-2.415254,5.278190
2.500000,-2.330508,5.286396
2.500000,-2.245763,5.294601
2.500000,-2.161017,5.302806
2.500000,-2.076271,5.311012
2.500000,-1.991525,5.323109
2.500000,-1.906780,5.346700
2.500000,-1.822034,5.370291
2.500000,-1.737288,5.393882
2.500000,-1.652542,5.417473
2.500000,-1.567797,5.441064
2.500000,-1.483051,5.464655
2.500000,-1.398305,5.498052
2.500000,-1.313559,5.534320
2.500000,-1.228814,5.570587
2.500000,-1.144068,5.606854
2.500000,-1.059322,5.643122
2.500000,-0.974576,5.679389
2.500000,-0.889831,5.715657
2.500000,-0.805085,5.753354
2.500000,-0.720339,5.798756
2.500000,-0.635593,5.844158
2.500000,-0.550847,5.889560
2.500000,-0.466102,5.934962
2.500000,-0.381356,5.980364
2.500000,-0.296610,6.025766
2.500000,-0.211864,6.071168
2.500000,-0.127119,6.116570
2.500000,-0.042373,6.161972
2.500000,0.042373,6.207374
2.500000,0.127119,6.257727
2.500000,0.211864,6.308734
2.500000,0.296610,6.359742
2.500000,0.381356,6.410749
2.500000,0.466102,6.461756
2.500000,0.550847,6.512764
2.500000,0.635593,6.563771
2.500000,0.720339,6.614778
2.500000,0.805085,6.665785
2.500000,0.889831,6.716793
2.500000,0.974576,6.767800
2.500000,1.059322,6.818807
2.500000,1.144068,6.869815
2.500000,1.228814,6.920822
2.500000,1.313559,6.971829
2.500000,1.398305,7.022837
2.500000,1.483051,7.073844
2.500000,1.567797,7.124851
2.500000,1.652542,7.175859
2.500000,1.737288,7.226866
2.500000,1.822034,7.277873
2.500000,1.906780,7.328880
2.500000,1.991525,7.379888
2.500000,2.076271,7.430895
2.500000,2.161017,7.481902
2.500000,2.245763,7.532910
2.500000,2.330508,7.583917
2.500000,2.415254,7.634924
2.500000,2.500000,7.685932
_Enter
